AGE,GENDER,EDUCATION,ETHNICITY,SHIPLEY,HLVA,FACTOR3,NATIVE.LANGUAGE,ResponseId,study
18,Female,Further,White,31,10,48,English,R_1lcaBAGJNNI2kju,PSYC122
18,Female,Further,White,35,10,40,English,R_AG4jiTm8oxmuOOZ,PSYC122
18,Male,Further,Asian,35,9,47,Other,R_2Ckb6YXLPGwYSvg,PSYC122
18,Female,Further,White,35,8,52,English,R_27JY5xHHcMs7jGi,PSYC122
19,Female,Further,White,33,9,41,English,R_1DtJ4mrOXmxre01,PSYC122
19,Female,Further,Mixed,36,5,52,English,R_PRFQFInzSS6T8e5,PSYC122
18,Female,Further,White,27,10,40,English,R_OvCKBtcNgZ61En7,PSYC122
19,Female,Further,White,30,9,58,English,R_2v6QKhexIfefk5c,PSYC122
18,Female,Further,White,26,7,52,English,R_1diBNAuzsM3IRyx,PSYC122
19,Female,Further,White,38,4,50,English,R_Ab7lWHpYejFRDMJ,PSYC122
19,Female,Further,White,26,8,55,English,R_3QJAyG4WffJF8Jj,PSYC122
19,Female,Further,White,28,9,41,English,R_2COmL4bjyYGrq1f,PSYC122
19,Female,Further,White,31,7,38,English,R_2bIWkifPugWuyWZ,PSYC122
19,Female,Further,White,24,6,47,English,R_11Zp9DQMbCLUYGR,PSYC122
22,Female,Further,White,32,8,54,English,R_3mlq7srR6DKYD4M,PSYC122
18,Female,Further,White,37,10,40,English,R_CZAcx6qbxHxAwYp,PSYC122
18,Female,Further,White,35,10,50,English,R_3NEctjt5cRIBZ4d,PSYC122
22,Female,Further,White,40,9,60,English,R_20SXRLc9UB5ki7F,PSYC122
20,Female,Secondary,White,29,6,43,English,R_1F2rjWa0x3KW25O,PSYC122
19,Female,Further,White,40,6,51,English,R_2rCHvq0otzksf9G,PSYC122
18,Female,Further,White,30,3,48,English,R_2wLGHjrkmpezLFY,PSYC122
19,Female,Further,White,40,7,50,English,R_1n3pzuEkgAcjF5V,PSYC122
19,Female,Further,White,31,8,49,English,R_su85AohLlI9yTsd,PSYC122
18,Female,Further,Mixed,29,9,43,English,R_1IKkqTuD8pUC3L0,PSYC122
18,Female,Further,Asian,35,9,51,Other,R_1Q9P9ANUfDiFfcW,PSYC122
19,Female,Further,White,34,10,48,English,R_1mgUEAGbn97nwQ5,PSYC122
18,Female,Further,Black,29,8,47,English,R_12c2eGstiucsOlg,PSYC122
20,Female,Further,White,31,9,42,Other,R_2wQDKNn8DT6jYgi,PSYC122
20,Female,Further,Asian,25,11,59,Other,R_21tV9AwAxOBL6xM,PSYC122
19,Male,Further,White,37,5,48,English,R_1meCsg3zy0WdTvl,PSYC122
21,Female,Secondary,White,39,8,51,English,R_2E5mgVeIuW3exol,PSYC122
19,Female,Further,White,32,8,37,English,R_2rYPmJt1SdUVkdB,PSYC122
21,Female,Further,White,37,7,46,English,R_2CCArkbihFlMtrE,PSYC122
18,Female,Further,White,30,5,48,English,R_1JWsIzSkYqVyUDg,PSYC122
18,Female,Further,White,36,4,42,English,R_Qiyq7giYqePjsI1,PSYC122
19,Male,Further,White,40,8,49,English,R_yISV1rZS51ztlrH,PSYC122
18,Female,Further,White,36,9,59,English,R_ZBSaRD8yuHBhG3D,PSYC122
19,Female,Further,White,35,9,52,English,R_2RaXklWw9O03Gw8,PSYC122
19,Female,Further,White,26,10,30,English,R_29iCxajSEmVYVrY,PSYC122
18,Female,Further,White,37,6,51,English,R_1N9pW2sGBUaHOEL,PSYC122
18,Female,Further,Black,32,10,53,English,R_3oXuoZqGM5UhxBP,PSYC122
21,Female,Further,White,32,9,52,English,R_87x6yxnxFEzGZbP,PSYC122
19,Female,Further,White,28,6,49,English,R_2z5AQIKSqoBYJNg,PSYC122
20,Female,Further,White,30,7,43,English,R_1dnrhFVZbDQGNyx,PSYC122
19,Female,Further,White,33,10,51,English,R_SJEO6xOzRqXYesx,PSYC122
18,Female,Further,White,31,7,56,English,R_2B5MLi7jNGCMaJ3,PSYC122
19,Female,Further,White,33,9,36,English,R_1qTXIciwwDPemw5,PSYC122
19,Female,Further,White,39,12,50,English,R_2CNtHVqy594Y9DW,PSYC122
18,Female,Further,White,34,9,45,English,R_BM5dpla7yDHtjC9,PSYC122
18,Female,Further,White,34,8,45,English,R_3iKK7AH03T6bbIN,PSYC122
19,Female,Further,White,29,7,50,English,R_1GwugadQLUcLgA5,PSYC122
19,Male,Further,Asian,33,9,46,Other,R_Oqbx9KMzcHaiUyB,PSYC122
18,Female,Further,White,30,9,47,English,R_22nrhb8VhgBlZiI,PSYC122
18,Male,Further,White,30,8,43,English,R_3kpttsvsXzIAKiH,PSYC122
19,Female,Further,White,33,9,49,English,R_3EgqUuOc58fFts2,PSYC122
18,Female,Further,White,38,10,55,Other,R_2uvw0EGsQVd1fZy,PSYC122
20,Female,Further,Asian,39,10,49,English,R_24o689dhwHsH3Hg,PSYC122
18,Female,Further,White,39,12,57,English,R_2YKYgcXf2Z6TgSK,PSYC122
18,Female,Further,White,25,8,40,English,R_1lauQdjZXVCUMYD,PSYC122
18,Female,Further,White,35,11,41,English,R_pgDCe3eF71MvuQV,PSYC122
38,Female,Higher,Other,37,7,59,English,R_DNxvom42Oa1L0DD,PSYC122
19,Female,Further,White,33,9,44,English,R_3fl3FDYmP3AOqgF,PSYC122
18,Male,Further,White,34,11,46,English,R_Y0xsDEWnLxRBTq1,PSYC122
19,Female,Further,White,25,6,44,English,R_2rTMBmyC8nxyjx7,PSYC122
18,Female,Secondary,White,33,6,48,English,R_9zdtrwA7L8WCKBj,PSYC122
18,Female,Further,White,22,9,34,English,R_poveQ0bvSluOrCx,PSYC122
19,Female,Further,Asian,24,11,50,English,R_1ocHh1I1ZyvkuTh,PSYC122
19,Female,Secondary,White,40,10,51,Other,R_2ztLLWH2UZvX7ce,PSYC122
19,Female,Further,Black,23,9,48,English,R_Pzj4wRlzwAHFxXX,PSYC122
19,Female,Further,White,27,13,37,English,R_3KPCldHdXVqEh8E,PSYC122
18,Female,Secondary,Asian,37,6,31,Other,R_vAeXZwxNPPzzZap,PSYC122
20,Female,Further,Mixed,34,12,48,Other,R_3EMvdiv8RgR3c1f,PSYC122
19,Female,Further,Mixed,29,11,48,English,R_XR000PJMIGPDe6d,PSYC122
18,Female,Higher,White,34,8,51,English,R_AMQGliUI6h3gVHj,PSYC122
19,Female,Further,White,39,10,30,English,R_3Rg3BpefTQXB6YC,PSYC122
19,Female,Further,White,32,8,40,English,R_2eRTG8ZkHHNGxOZ,PSYC122
18,Male,Secondary,White,28,8,47,English,R_r8S07gbNxmlBtAt,PSYC122
19,Prefer-not-to-say,Further,White,40,9,62,English,R_2OZw1R23oB0NTYg,PSYC122
18,Female,Further,White,33,12,56,Other,R_1eJER0Z4zgDssfU,PSYC122
19,Male,Secondary,Asian,34,6,36,Other,R_12mP5jzvMLmsGD5,PSYC122
18,Female,Secondary,White,37,9,43,Other,R_2l4IILs3hL8ao8h,PSYC122
18,Female,Further,White,30,7,46,English,R_21sKWpHKVNSCtU4,PSYC122
19,Female,Further,White,39,11,45,English,R_3hciYdallSGaEYy,PSYC122
23,Female,Further,White,31,4,32,English,R_12b78sFruyrzt4w,PSYC122
25,Male,Further,Mixed,39,9,47,English,R_2rCa7Xf0hhZjAWq,PSYC122
18,Female,Further,White,32,11,47,English,R_3q8UXObXG8gZRY5,PSYC122
18,Female,Secondary,Asian,24,7,45,Other,R_2VqAwTruU24iUQd,PSYC122
20,Female,Further,White,34,11,47,English,R_2dFI4DhPOCIXoGV,PSYC122
18,Male,Further,White,28,6,42,English,R_3KvxSZJDkYxdXPf,PSYC122
20,Male,Secondary,White,33,7,53,Other,R_1q1Yrwtj9lXHcHk,PSYC122
19,Non-Binary,Further,White,36,6,55,English,R_1r2HguYY30sVrXs,PSYC122
20,Female,Further,White,31,9,39,English,R_8czz7lYV08PWh1f,PSYC122
18,Female,Further,White,39,8,46,English,R_1g6crttadTjWgMY,PSYC122
18,Female,Further,White,28,12,48,English,R_1Do1pogCuXE1We0,PSYC122
18,Female,Further,White,34,10,49,English,R_3Eyc0RIYODwm5iO,PSYC122
25,Female,Further,Mixed,40,8,43,English,R_12PgNzdfzL8EByX,PSYC122
18,Female,Secondary,Asian,38,11,36,Other,R_22qOLncTLYQphi4,PSYC122
18,Female,Further,White,32,7,52,English,R_3JdZ7rAun39lYSt,PSYC122
19,Female,Further,Asian,28,5,39,English,R_3fuTGE5oTmQjIw6,PSYC122
18,Female,Further,Black,35,9,48,English,R_1pxHWFyjwJ7VNfw,PSYC122
21,Female,Further,Asian,37,11,61,Other,R_PTEJdKij0QzjAWZ,PSYC122
19,Female,Further,White,38,11,45,English,R_3RjwkvI2VVSQlEO,PSYC122
18,Male,Further,White,33,9,55,English,R_0kCcMNrjhPjYhLr,PSYC122
20,Female,Further,White,39,9,45,Other,R_3MQdBMR4WKOVEpe,PSYC122
19,Female,Further,White,29,8,44,English,R_VWllCG9OHI1KSbf,PSYC122
18,Female,Further,White,38,9,39,English,R_2YzVLA6HYLyi2x1,PSYC122
19,Female,Further,White,33,8,41,Other,R_10qKv1pN3DZeQwg,PSYC122
20,Female,Further,Asian,26,8,59,English,R_sKW4OJnOlidPxrH,PSYC304.cs
21,Female,Higher,Asian,26,6,51,Other,R_27paPJzIutLoqk8,PSYC304.cs
20,Male,Higher,Asian,27,4,50,Other,R_1nW0lpFdfumlI1p,PSYC304.cs
18,Female,Further,Asian,26,11,43,Other,R_31ZqPQpNEEapoW8,PSYC304.cs
20,Female,Secondary,Asian,27,8,42,Other,R_2whvE2IW90nj2P7,PSYC304.cs
20,Female,Higher,Asian,39,10,39,Other,R_3CAxrri9clBT7sl,PSYC304.cs
57,Female,Higher,Asian,39,8,45,Other,R_UhyqGKcKJ8p4dDr,PSYC304.cs
18,Male,Secondary,Asian,25,10,52,Other,R_1FnqgQlxslB298R,PSYC304.cs
21,Male,Secondary,Asian,24,4,43,Other,R_3dJGNr1UEEE3fl9,PSYC304.cs
21,Female,Secondary,Asian,22,7,42,Other,R_2Y6aKmGIeJhYCNc,PSYC304.cs
20,Female,Higher,Asian,37,8,46,Other,R_eYaltNtJrPPXgoF,PSYC304.cs
52,Female,Higher,Asian,34,10,52,Other,R_1pmKyUPkrHg2rjr,PSYC304.cs
21,Female,Higher,Asian,26,8,44,Other,R_2tEW8N2eNJHwPJA,PSYC304.cs
20,Female,Secondary,Asian,26,9,40,Other,R_3lM8w5XU7D1CGj3,PSYC304.cs
22,Female,Secondary,Asian,35,11,48,Other,R_pMA0LDHn8KbHNeN,PSYC304.cs
51,Female,Higher,Asian,32,8,36,Other,R_3stxZFOfbrU4mHk,PSYC304.cs
20,Female,Higher,Asian,28,8,49,Other,R_1i9Ty6GnJIs6qMc,PSYC304.cs
19,Female,Secondary,Asian,40,8,53,Other,R_3qvvV7lL3jm8XNP,PSYC304.cs
49,Female,Higher,Asian,26,10,49,Other,R_265zBlSCe6PqIu2,PSYC304.cs
19,Female,Secondary,Asian,37,10,41,Other,R_1po1DayReBfW3u4,PSYC304.cs
53,Male,Higher,Asian,39,8,50,Other,R_1pssSXzph4D5IHW,PSYC304.cs
21,Female,Secondary,Asian,23,4,34,Other,R_2qdsiKfgWqsn40x,PSYC304.cs
24,Male,Higher,Asian,36,5,42,Other,R_3I4zcqoIHLLFx6q,PSYC304.cs
27,Male,Higher,Asian,38,10,53,Other,R_1ez0Etk9gSubiw0,PSYC304.cs
19,Female,Further,Asian,37,8,58,Other,R_1jfBDhcO8uTKS7a,PSYC304.cs
19,Female,Secondary,White,24,4,43,English,R_2vcX7u14rsLAfCa,PSYC304.jg
40,Male,Secondary,White,36,8,27,English,R_vYzUdLunFc0wl7H,PSYC304.jg
21,Male,Further,White,38,10,60,English,R_pcQphFanbDZMJRT,PSYC304.jg
20,Male,Further,White,31,3,44,English,R_1OHxHYQG0Tx6MZc,PSYC304.jg
21,Male,Further,White,34,6,49,English,R_1gBZQCucJz02z0K,PSYC304.jg
20,Male,Higher,White,35,11,59,English,R_2WD2QTvD4pck0TH,PSYC304.jg
51,Female,Further,White,40,5,55,English,R_32SbuBXjNOg1goH,PSYC304.jg
20,Female,Further,White,32,8,47,English,R_3kijxgi0UZM6ciE,PSYC304.jg
21,Male,Further,White,34,13,51,English,R_3DvZ21XBACVV7pX,PSYC304.jg
37,Female,Further,White,34,7,59,English,R_BtsL9imuAm45JTj,PSYC304.jg
51,Male,Further,White,39,10,48,English,R_8J8a1r8nU8zdTKF,PSYC304.jg
21,Female,Further,White,39,11,49,English,R_3Pbgt8btS8lmkto,PSYC304.jg
21,Female,Further,White,26,7,39,English,R_2bHSx4UibI9U2id,PSYC304.jg
19,Male,Secondary,White,28,11,52,English,R_sk7gkkRYBMiTiz7,PSYC304.jg
27,Prefer-not-to-say,Higher,White,38,11,50,English,R_1dADXvrs5CBQuw1,PSYC304.jg
20,Female,Further,White,33,8,57,English,R_PNcHAc8SqWPJiFP,PSYC304.jg
21,Female,Higher,White,30,7,47,English,R_1oBZ7DEdDMOjVFx,PSYC304.jg
20,Female,Further,Asian,39,8,61,Other,R_28O1YLhY8oKU86V,PSYC304.jg
21,Male,Further,White,40,10,52,English,R_01G3jLDBRT6PV3H,PSYC304.jg
50,Male,Further,White,33,12,46,English,R_2CUgTyfsECt4LwS,PSYC304.jg
20,Female,Further,Other,35,10,56,Other,R_1LZ26eAjKfsIRya,PSYC304.jg
51,Female,Secondary,White,33,8,59,English,R_3Gr1OkqaH55APQ7,PSYC304.jg
55,Male,Secondary,White,37,7,46,English,R_25zTeKk1gOqC393,PSYC304.jg
18,Female,Further,White,33,11,43,English,R_1gCTJgkDSe8eiLs,PSYC304.jg
51,Female,Higher,White,39,12,48,English,R_1mV5v5HQv5NXGbp,PSYC304.jg
21,Male,Further,White,35,7,44,English,R_BFxWh9lCQUTwzLj,PSYC304.jg
31,Female,Further,White,26,5,45,English,R_2EgXmaVJNSVaH80,PSYC304.jg
18,Female,Further,White,33,10,38,Other,R_1jwtTaZRTTOp3sv,PSYC304.jg
18,Female,Further,White,31,10,46,English,R_2wiO1YygKjVS8xh,PSYC304.jg
18,Male,Secondary,White,28,6,46,English,R_2S1sNfoiEd9Oz3S,PSYC304.jg
22,Male,Higher,Asian,37,8,47,Other,R_2tLK2jAvsxZCzRU,PSYC304.jg
18,Female,Further,White,23,10,42,English,R_3Of6hozjY1TgeMn,PSYC304.jg
19,Female,Further,White,32,8,41,English,R_2BgQOs9o32dXcoX,PSYC304.jg
18,Female,Further,White,37,11,59,English,R_pFN3f2NeynD090Z,PSYC304.jg
19,Female,Further,White,26,6,42,English,R_1cRLhPhR5HEiTTk,PSYC304.jg
19,Female,Further,Asian,34,7,45,English,R_2aWEZTzX0r4lk1H,PSYC304.jg
18,Female,Further,Mixed,28,8,45,English,R_1CBcemqHcgCbvLr,PSYC304.jg
46,Female,Higher,White,39,12,60,English,R_soQ6Evaz27CO169,PSYC304.jg
49,Female,Higher,White,39,12,56,English,R_bxDT9RyCsYL614R,PSYC304.jg
18,Female,Further,White,34,8,40,English,R_28SbiuuVWcKMOiH,PSYC304.jg
18,Male,Further,Asian,34,5,48,English,R_1DVkXLc0vyqN4Gp,PSYC304.jg
19,Female,Further,White,36,13,53,English,R_2b1wbJ0vorEmzjp,PSYC304.jg
19,Female,Further,White,33,9,45,English,R_2CHdn1XRd0gpMoH,PSYC304.jg
18,Female,Further,White,35,11,51,English,R_3sBs5Gp3ntqLdkW,PSYC304.jg
19,Female,Further,White,24,4,46,English,R_3oGbCmebT55JkIa,PSYC304.jg
21,Male,Further,White,34,10,58,English,R_1N4zIzAyzUnEjG1,PSYC304.jg
19,Female,Higher,White,34,9,43,English,R_31N5cED0r5BsrKf,PSYC304.jg
54,Female,Higher,White,40,11,63,English,R_1cSA2ZDK92om024,PSYC304.jg
43,Female,Further,White,33,8,57,English,R_37xIVjWBCqkCX73,PSYC304.jg
27,Female,Higher,White,35,13,57,English,R_3jZqokat5VsZ4Aw,PSYC304.jg
37,Female,Higher,White,36,9,48,English,R_1CE2aCugHPX3xFf,PSYC304.jg
33,Male,Higher,White,33,6,46,English,R_3KGuLImhk0TO745,PSYC304.jg
35,Female,Higher,White,35,8,48,English,R_3FIK2OqHS5LtEcS,PSYC304.jg
20,Male,Further,White,31,10,50,English,R_6hSBbQOU4glR5Id,PSYC304.jg
50,Male,Higher,White,35,10,51,English,R_PAl9Iih1UQ1RuDv,PSYC304.jg
55,Female,Higher,White,37,13,57,English,R_sSGhVKHcVbsYiTn,PSYC304.jg
47,Female,Higher,White,36,9,63,English,R_RxjwKAc66YCCq3v,PSYC304.jg
39,Female,Further,Asian,38,9,46,English,R_2QoHDg7WhPXUHcC,PSYC304.jg
20,Female,Further,White,32,9,45,English,R_1dLdt0f2QQ0RpmY,PSYC304.jg
20,Male,Further,White,34,10,52,English,R_3iD1zJwZ63tgKbv,PSYC304.jg
20,Female,Further,White,39,7,46,Other,R_ZmfrmF0G2PhxHUd,PSYC304.ml
20,Female,Further,White,31,11,56,Other,R_2YnN1LbJNr4cnsK,PSYC304.ml
44,Male,Higher,White,25,7,56,Other,R_3puxVtcgAdGEY2b,PSYC304.ml
31,Female,Further,White,31,7,45,Other,R_2ymFKpNMhtcsvBj,PSYC304.ml
20,Female,Further,White,38,10,52,Other,R_21huAxxLjBFX3Ii,PSYC304.ml
19,Male,Further,White,34,8,40,Other,R_Tq1F14xlmM4sovL,PSYC304.ml
33,Female,Higher,White,40,8,63,Other,R_12MEutsdCz1cyQy,PSYC304.ml
38,Male,Further,White,18,7,45,Other,R_3nxf6nJ88YKHtJ7,PSYC304.ml
63,Male,Higher,White,36,10,36,Other,R_2BfXxPeUm8GwT8p,PSYC304.ml
44,Male,Higher,White,17,5,49,Other,R_3KNF04WsJJjWeMB,PSYC304.ml
63,Female,Further,White,36,9,35,Other,R_szHwIU41p8IrXMZ,PSYC304.ml
37,Female,Further,White,32,11,53,English,R_1jJI9uu5ngDkcVx,PSYC304.ml
54,Female,Further,White,22,6,29,Other,R_25SifsJKpsqUt3L,PSYC304.ml
39,Female,Higher,White,22,5,48,Other,R_2f7ma3xwCVrthL6,PSYC304.ml
34,Female,Higher,White,25,4,63,Other,R_2P1B1g6CMGp6It6,PSYC304.ml
42,Female,Higher,White,19,5,43,Other,R_3kF05jPC3IaXEUV,PSYC304.ml
21,Female,Secondary,White,39,8,62,Other,R_21iGwXYBvmvz6iN,PSYC304.ml
19,Female,Further,White,36,9,56,Other,R_30p104ffEK0ec29,PSYC304.ml
31,Female,Further,White,20,6,60,Other,R_2ug0PfeMdOsQq7T,PSYC304.ml
39,Male,Further,White,21,9,44,Other,R_2rSnIbphMgC2v6R,PSYC304.ml
45,Female,Higher,White,15,4,49,Other,R_3fqs585rFjj40bl,PSYC304.ml
35,Female,Further,White,37,6,56,Other,R_71UHrGw7Wdx0jzX,PSYC304.ml
21,Female,Secondary,White,38,7,53,Other,R_PwDavb2YV3Hsrq9,PSYC304.ml
39,Male,Higher,White,27,6,62,Other,R_2v8IlxOGGet1mDD,PSYC304.ml
34,Female,Secondary,White,28,8,57,Other,R_3nH5M1JlLgff47E,PSYC304.ml
22,Male,Further,White,33,7,55,Other,R_2TXyGwJNJy9PFrt,PSYC304.ml
32,Female,Higher,White,39,8,63,Other,R_2pKKlY8BpVGLyof,PSYC304.ml
43,Female,Higher,White,38,5,55,Other,R_2YKZwe3fRDvwbih,PSYC304.ml
46,Female,Higher,White,36,6,58,Other,R_2cuZaEUTpMDJKMM,PSYC304.ml
40,Female,Higher,White,29,8,48,Other,R_3EupDpNfwPVjoNH,PSYC304.ml
39,Female,Higher,White,37,7,57,Other,R_1IRyLFBoHKQQPQP,PSYC304.ml
39,Female,Further,White,35,9,63,Other,R_AMxiEoNhtIjNKo1,PSYC304.ml
19,Female,Further,White,39,12,54,Other,R_2f8pZmNR4ETYckD,PSYC304.ml
19,Male,Further,White,31,9,51,Other,R_3s548A2c8abzBOm,PSYC304.ml
38,Male,Further,White,32,9,51,English,R_1q9zs9n8h84OB4C,PSYC304.ml
24,Female,Further,White,38,9,50,English,R_DdBzR1Pfxr5sT7j,PSYC304.ml
22,Female,Further,White,28,10,46,English,R_1ikhJ1iGeph7aSC,PSYC304.rw
59,Female,Higher,White,32,11,52,English,R_0CxcOzj8sAmjHHj,PSYC304.rw
61,Male,Higher,White,36,10,55,English,R_2tJdIKDsdg0FD52,PSYC304.rw
22,Female,Higher,White,29,7,49,English,R_3jZGZG8edXAbdXq,PSYC304.rw
81,Female,Higher,White,31,8,51,Other,R_yrUp37seEzLr1rH,PSYC304.rw
21,Female,Further,White,27,9,41,English,R_PIHdV2WuxRjzylr,PSYC304.rw
21,Female,Higher,White,33,8,47,English,R_W1Bn1b8pPdMVGF3,PSYC304.rw
21,Female,Higher,White,26,8,49,English,R_3iO7F46wJd6d0iq,PSYC304.rw
20,Male,Further,White,37,9,49,English,R_31Nt5jTu499VlGn,PSYC304.rw
22,Female,Higher,White,31,6,46,English,R_1rPoXX7BRsHnO4m,PSYC304.rw
58,Female,Higher,White,35,7,39,English,R_2qmetno1Txk1PBc,PSYC304.rw
21,Female,Further,White,34,7,51,English,R_2v0n1NVkNgyuN57,PSYC304.rw
22,Female,Further,White,30,9,45,English,R_73NSdrUrBEpEGE9,PSYC304.rw
21,Female,Further,White,34,7,44,English,R_efBnYefldAB7FuN,PSYC304.rw
56,Female,Higher,White,37,11,51,English,R_2uP2qnRKc4klQ9F,PSYC304.rw
59,Female,Higher,White,38,12,54,English,R_1KdraRk4mU5IxL2,PSYC304.rw
67,Male,Higher,White,38,11,46,English,R_1n6nmNjc7qD4CW5,PSYC304.rw
55,Female,Further,White,39,10,53,English,R_2EuYqolAnYjAYSt,PSYC304.rw
62,Male,Further,White,40,10,47,English,R_3KPApJbR5IcyBD7,PSYC304.rw
30,Female,Higher,White,37,10,62,English,R_1ir4MOsbrqXdLN2,PSYC304.rw
64,Male,Further,White,36,11,43,English,R_2wcdLVcLiMclwpC,PSYC304.rw
63,Female,Higher,White,35,7,50,English,R_1F8kohbOvovDrzr,PSYC304.rw
19,Female,Further,White,36,11,49,English,R_1LMe1KFmbufItzs,PSYC304.rw
18,Male,Further,Asian,35,7,42,English,R_2TBNVSYE8GUUgOO,PSYC304.rw
18,Male,Further,White,29,11,49,English,R_1DnwG36fR52uF4y,PSYC304.rw
18,Female,Further,White,34,12,38,Other,R_1pMvBwDvCJcVf6L,PSYC304.rw
19,Female,Further,White,37,10,39,English,R_1IYEZXRg33sVCiR,PSYC304.rw
19,Female,Higher,Other,38,8,55,Other,R_2uX0c95bpDmWbJV,PSYC304.rw
20,Female,Further,Asian,39,10,30,English,R_2urfiMreD5vxq0y,PSYC304.rw
18,Female,Further,White,36,8,56,English,R_2scnovqaygE60as,PSYC304.rw
19,Female,Further,Asian,26,5,35,English,R_3HjI43ikctGB46S,PSYC304.rw
20,Female,Further,White,28,8,49,Other,R_25EFmo3uV7rIyAd,PSYC304.rw
19,Female,Further,White,29,7,40,English,R_3M54reFQOudPaCt,PSYC304.rw
18,Female,Further,Mixed,29,10,52,English,R_3PuB96gZvAsBBL2,PSYC304.rw
20,Female,Further,White,34,7,53,English,R_pKsAkrksnzU8UNj,PSYC304.rw
18,Female,Higher,Asian,23,5,27,English,R_2usuuWsR8keWsbl,PSYC304.rw
18,Female,Further,Asian,33,7,47,Other,R_3hznAFbEoxYakMo,PSYC304.rw
18,Female,Further,White,27,12,49,English,R_30762qcJLATIjBc,PSYC304.rw
39,Male,Higher,White,35,8,51,English,R_1gkJyjSOKETGoSY,PSYC304.rw
18,Female,Further,White,37,9,57,English,R_25uugPmBqiI5WYR,PSYC304.rw
22,Female,Further,White,19,4,38,English,R_2OOoiYb4BGwQmVZ,PSYC304.rw
67,Female,Further,White,31,8,53,English,R_1esewkPIfho8BrE,PSYC304.rw
58,Female,Secondary,White,33,7,50,English,R_3JyhQhYJ0xVDh1e,PSYC304.rw
58,Female,Secondary,White,38,8,17,English,R_1dA05AehUIhQdiu,PSYC304.rw
67,Male,Higher,White,40,9,62,English,R_Dl8j7G4rd2bntLz,PSYC304.rw
56,Female,Higher,White,36,11,53,English,R_3Odnagt50tnOnQV,PSYC304.rw
72,Female,Higher,White,38,11,60,English,R_YPOaKL24ENM66Qh,PSYC304.rw
57,Female,Further,White,30,8,49,English,R_2BbOE45OolkXFlV,PSYC304.rw
62,Male,Higher,White,38,11,50,English,R_2fJ6BUzmMe48CiI,PSYC304.rw
56,Female,Higher,White,40,11,57,Other,R_1pRKlNKeoTvsShh,PSYC304.rw
58,Female,Secondary,White,40,9,59,English,R_2wiQXQHx9xzz5ef,PSYC304.rw
36,Female,Higher,White,33,11,59,English,R_25YESxL3cNytolW,PSYC304.rw
34,Male,Higher,White,34,7,55,English,R_3O9BqxXwvajaQBO,PSYC304.rw
28,Male,Further,White,33,10,45,English,R_2S0HXXZmaVvKlC1,PSYC304.rw
62,Female,Higher,White,40,7,55,English,R_2zMbYnCmO2st6BO,PSYC304.rw
57,Female,Higher,White,39,10,46,English,R_3CUEfrpCTwvlPza,PSYC304.rw
73,Female,Higher,White,37,10,56,English,R_3in8EArVBjRASun,PSYC304.rw
47,Male,Higher,White,37,11,50,English,R_2hGhMCS9pKCVeDL,PSYC304.rw
64,Male,Higher,White,40,10,49,English,R_3PcSfJkZy1Na2Ig,PSYC304.rw
58,Female,Higher,White,34,12,52,English,R_sHlLJTuivBl0POp,PSYC304.rw
44,Female,Higher,White,38,11,56,English,R_sAQlMmEWB0euznz,PSYC304.rw
27,Male,Higher,White,38,8,54,English,R_3IQVhFywc6yZn6N,PSYC304.rw
24,Male,Higher,White,28,8,55,English,R_3qg0fhr1U6VNSyF,PSYC304.rw
51,Female,Secondary,White,34,6,41,English,R_cGwFclmpPE5XBK1,PSYC304.rw
25,Female,Secondary,White,27,5,43,English,R_3RkdfBrWB5XRIMK,PSYC304.rw
19,Female,Further,White,31,7,43,English,R_3qwjSLxCI9nPTeu,PSYC304.rw
25,Male,Secondary,White,27,10,40,English,R_1H5Yg86NM1xiJF8,PSYC304.rw
32,Female,Higher,White,19,7,50,English,R_2eakK4gtmqJ4PcI,PSYC304.rw
52,Female,Higher,White,33,10,33,English,R_2ziQDIhw0N741Q0,PSYC304.rw
47,Male,Higher,White,38,11,51,English,R_BqYEoYqhtRp49bj,PSYC304.rw
40,Female,Higher,White,34,10,56,English,R_3J9Pl9zFnQCAMLt,PSYC304.rw
36,Female,Higher,White,29,12,52,English,R_3nq4SUA6haI1zqi,PSYC304.rw
53,Female,Higher,White,37,10,49,English,R_TaZGaBZYeHznAKB,PSYC304.rw
50,Female,Higher,White,33,9,46,English,R_2rwQuvTvY3lJQyz,PSYC304.rw
66,Female,Higher,White,40,10,58,English,R_3ezcHuRZtqlha1K,PSYC304.rw
25,Male,Higher,White,35,9,43,English,R_R3TCWzD1waAbaSd,PSYC304.rw
49,Female,Higher,White,37,9,39,English,R_2YLY9PGlWy86w0Y,PSYC304.rw
41,Female,Higher,White,31,11,54,English,R_DCS5Bihl2SOcAEN,PSYC304.rw
40,Female,Higher,White,37,10,57,English,R_VUo8riAhXDGEWfD,PSYC304.rw
59,Female,Higher,White,36,9,51,English,R_1NyTW8oM5sDpvtA,PSYC304.rw
71,Female,Further,White,37,7,52,English,R_124DUG0fHQTGajO,PSYC304.rw
51,Female,Further,Mixed,33,8,56,English,R_21nxQwfOhXf1hop,PSYC304.rw
22,Male,Higher,White,34,11,45,English,R_27DmCQ45KYk3q3z,PSYC304.rw
21,Male,Further,White,36,11,61,English,R_3HSO4MTlmav11Xo,PSYC304.rw
21,Male,Higher,White,34,11,56,English,R_xaPjPzImD3byhOh,PSYC304.rw
59,Female,Higher,White,33,8,46,English,R_SMCBK8krsYv0Cc1,PSYC304.rw
54,Female,Further,White,38,9,49,English,R_wTZRptVqnLtXcqt,PSYC304.rw
39,Female,Higher,White,28,9,51,English,R_sUzwQVPLBz8wBwZ,PSYC401
23,Female,Higher,Asian,21,8,57,Other,R_SDkeKGdSDLyx6CJ,PSYC401
22,Female,Higher,White,32,8,43,English,R_Q9Dcfe3Aqs3OLJL,PSYC401
26,Female,Higher,White,28,9,55,English,R_p3QOpadn58hfxrb,PSYC401
22,Male,Higher,Asian,33,8,55,English,R_27DL4X0pIoGblWw,PSYC401
24,Female,Higher,White,32,12,50,English,R_1C8bpajCQ2ETl5t,PSYC401
43,Female,Higher,White,32,7,56,English,R_pFfl7LYxxkWn9xD,PSYC401
46,Male,Secondary,Mixed,16,4,51,Other,R_vYQ2OJfzRsLQ2EV,KA
48,Male,Further,Asian,29,5,48,Other,R_1qapgcpYhEk9VKk,KA
18,Female,Secondary,Asian,27,5,47,Other,R_2cpV6Urzg8PWaBB,KA
24,Female,Higher,Asian,28,10,51,English,R_2mg3XPQYw0weLC1,KA
24,Female,Further,Asian,23,8,51,Other,R_yNHNNG1nn2ZeAmZ,KA
29,Male,Higher,Asian,28,8,37,Other,R_3PNq81HFVSVwsfu,KA
22,Male,Higher,Asian,35,8,55,English,R_1JJSjLLmFqNBgYw,KA
23,Male,Higher,Asian,35,9,60,Other,R_3iUaAuD244bPMlw,KA
27,Female,Higher,Asian,27,8,50,Other,R_265QqYfE1PafuAs,KA
18,Male,Secondary,Asian,30,3,51,Other,R_1LSh9UfDxy91w8u,KA
30,Female,Further,Asian,28,9,48,Other,R_28Uw7Ekuo3hPeac,KA
26,Male,Higher,Asian,36,6,52,Other,R_3scaCdQvFElRKGp,KA
26,Female,Higher,Asian,33,10,48,Other,R_1eIuCo24xr8efvX,KA
47,Male,Higher,Asian,39,11,63,Other,R_2ToB7fqjZAATwKO,KA
24,Female,Further,Asian,21,11,45,Other,R_3M9hbt25iN31tiG,KA
29,Female,Higher,Asian,34,10,50,English,R_2Rah7oK4TKOt4C1,KA
24,Female,Higher,Asian,37,10,43,Other,R_3rMRvjwY5rZgLMi,KA
24,Female,Higher,Asian,34,9,58,Other,R_cAZWnX59uOiwM7L,KA
22,Male,Higher,Asian,32,10,49,Other,R_2V40VUXAVUVL2at,KA
23,Female,Higher,Asian,36,9,47,Other,R_3smLADF99oQwiwP,KA
24,Female,Higher,Asian,22,6,49,English,R_BsUgIzd49j8Yqzv,KA
24,Female,Higher,Asian,38,6,56,Other,R_bOeiEIpgAdMKcXn,KA
39,Male,Higher,Asian,24,5,50,Other,R_33a0jVik3KzaEsB,KA
43,Female,Higher,Asian,19,8,51,Other,R_3oB18CMYsmUZTLS,KA
33,Female,Further,Asian,39,8,44,Other,R_Ah42deSVnH762OZ,KA
20,Female,Further,Asian,30,11,41,English,R_1GBM9IE7EQQiF3B,KA
39,Female,Further,Asian,24,5,48,Other,R_24GmSpa0cVnUT1K,KA
74,Male,Secondary,Asian,14,6,36,Other,R_qKns7TVW2Zw8UBb,KA
21,Male,Higher,Asian,33,8,51,Other,R_1E4N7lDFeMy9cr4,KA
24,Female,Higher,Asian,33,8,54,Other,R_djsfX05Avhz0lP3,KA
21,Female,Higher,Asian,19,5,43,English,R_26fniSRvl99WA7d,KA
23,Female,Higher,Asian,35,9,44,English,R_3m2eeqmtxMBWoBx,KA
24,Female,Higher,Asian,29,6,36,English,R_3JDBrCcjlrzSw9F,KA
37,Female,Higher,Asian,38,11,51,Other,R_2Ya28CDwYcQU8NZ,KA
42,Female,Further,Asian,25,6,53,Other,R_1jHqTaRF3pCpTtK,KA
18,Female,Further,Asian,22,7,58,Other,R_3LXR4MjDOmgHY2O,KA
25,Male,Higher,Asian,33,10,52,Other,R_2t3VsPyYOsDHC47,KA
23,Female,Higher,Asian,37,9,56,Other,R_3fIU3ghfR2vC9tZ,KA
28,Male,Higher,Asian,26,7,52,Other,R_1GZlQuN5QjrhOZb,KA
32,Female,Secondary,Asian,20,7,42,Other,R_10NT2Heuf4qwx4p,KA
26,Female,Higher,Asian,26,8,42,Other,R_eLF3TjAAxB6R6cF,KA
44,Male,Higher,Asian,6,4,51,English,R_2OVeHcWWMNHZmxR,KA
27,Female,Higher,Asian,39,11,61,Other,R_2bHRO2oDA79Thlv,KA
23,Female,Higher,Asian,24,6,53,Other,R_3ReVlCqqWHl8r6a,KA
24,Female,Higher,Asian,31,9,49,Other,R_2PwdsVpun0q83ZN,KA
20,Female,Higher,Asian,37,10,42,Other,R_9Teotdqt8vKqSwV,KA
23,Male,Higher,Asian,34,7,40,Other,R_2YnW5CC8McSYGwC,KA
23,Female,Further,Asian,31,7,52,Other,R_ZftnBeEvNYWFzGN,KA
23,Female,Higher,Asian,23,7,41,English,R_2WSXosc4Xy1uKCa,KA
40,Male,Further,Asian,31,11,45,Other,R_2D1vYlU484whyrW,KA
24,Female,Higher,Asian,36,4,44,Other,R_aiaCL3TbMkXHTON,KA
24,Female,Higher,Mixed,29,2,51,Other,R_3nl9C5TmakcdAyn,KA
18,Female,Secondary,Asian,23,11,56,Other,R_2Bhx3y5tj9HFuvJ,KA
26,Male,Higher,Asian,31,8,34,English,R_2zbxHTZaAeP6PP7,KA
25,Female,Higher,Asian,31,10,53,Other,R_3Ecbo8H8xukdk6U,KA
24,Female,Further,Asian,24,7,48,Other,R_3KNQ7Freent89mE,KA
20,Male,Further,Asian,27,4,57,Other,R_1QKJlmtHNzuxL1y,KA
86,prefer-not-to-say,Secondary,Black,29,9,35,Other,R_2YPPPxL6VwfCTxb,KA
35,Male,Secondary,Asian,15,7,23,Other,R_3foWpuDmBh4jlWI,KA
24,Male,Higher,Asian,36,8,54,Other,R_1mKKI3nEBZvWOEs,KA
22,Female,Higher,Asian,19,9,32,English,R_3MJMblwTQRe4cdZ,KA
28,Male,Secondary,Asian,18,3,29,Other,R_3ees1lOay88PsOe,KA
18,Male,Secondary,Asian,33,7,57,Other,R_3L7rDAzz9Q7sHLr,KA
28,Female,Secondary,Black,7,3,25,English,R_2t9TmGO36ASoyFp,KA
21,Female,Higher,Asian,23,8,57,Other,R_3rYhXTrY5iNgsGV,KA
42,Male,Higher,Asian,24,4,50,English,R_1QMYn0T8Wu5VF45,KA
48,Female,Higher,Asian,37,6,43,Other,R_3DtghQMofECvM5C,KA
32,Male,Higher,Asian,20,8,43,English,R_OIpvfzgymGyGz3H,KA
18,Male,Secondary,Asian,16,4,36,English,R_12PZeHJ7C7Lv0yO,KA
23,Female,Higher,Asian,39,8,61,Other,R_tRRdPySJbiIvORr,KA
18,Female,Secondary,Asian,6,3,51,Other,R_43mVHCM8Yyi2Axz,KA
18,Male,Secondary,Asian,10,5,31,Other,R_1gkCZdkJmuNZiY3,KA
22,Male,Secondary,Asian,20,7,54,Other,R_sjmJowlY9IIl6LL,KA
24,Female,Further,Asian,33,13,43,English,R_1KoM9bUHPuRODWG,KA
100,Male,Further,White,9,6,39,English,R_3MSVxDE3SdXTwJ2,KA
22,Female,Higher,Asian,32,10,47,Other,R_yVDcY1clHozOk1j,KA
44,Female,Higher,Asian,21,6,31,Other,R_301YkQx7jh7EjC8,KA
25,Female,Higher,Asian,28,6,59,English,R_1F96YL5gFQoxWpT,KA
29,Male,Secondary,Asian,33,10,49,English,R_29sT2SGKfGuVotc,KA
47,Male,Higher,Asian,32,9,57,Other,R_2bUcw03G3ZwOLfk,KA
50,Female,Higher,Asian,22,9,41,Other,R_22Srdqs6SrdJU9W,KA
27,Female,Higher,Asian,23,10,49,Other,R_1NmlvRME6g2QMDG,KA
24,Female,Higher,Asian,36,10,58,Other,R_1nPDqmRZXGa1DSR,KA
21,Male,Further,Asian,23,2,52,English,R_2dQOQtbzEKd8APX,KA
48,Male,Higher,Asian,36,10,52,Other,R_3EWpGi9KWibyvGv,KA
29,Female,Higher,Asian,36,13,58,Other,R_A6Wz6kTriNvYkpP,KA
100,Female,Higher,Asian,21,7,34,Other,R_1dsJtHwqeH4Kx7d,KA
23,Female,Further,Asian,26,7,41,English,R_2z61iQI7KoLLYZT,KA
28,Male,Higher,Asian,29,10,48,Other,R_9T48UUuPLGo67cJ,KA
30,Female,Higher,Asian,26,2,36,Other,R_2wHwZvceAbengkO,KA
54,Female,Higher,Asian,15,6,48,Other,R_po837ntGLihrHgZ,KA
24,Female,Higher,Asian,0,0,0,Other,R_OuN1qjOhlW804Pn,KA
23,Female,Higher,Asian,0,0,0,Other,R_2hrF4oMDSDfZEbf,KA
22,Female,Higher,Asian,23,0,0,Other,R_3exL9JXoAHjaQG1,KA
23,Female,Higher,Asian,0,0,0,English,R_ZlUH6eNhPzkdU3L,KA
23,Female,Higher,Asian,29,10,48,Other,R_1dL9qYvrIu8OBJ1,KA
29,Male,Higher,Asian,0,0,0,English,R_6mr1qfzr7Zb8xRn,KA
24,Female,Higher,Asian,0,0,0,English,R_1hKWdRV4pDmSHRc,KA
50,Female,Further,Asian,30,9,60,Other,R_3HRXLKCee8Q0FWK,KA
23,Female,Higher,Asian,32,7,52,English,R_2YsRJsnHgrHXAYQ,KA
26,Male,Further,Asian,37,9,57,Other,R_2wKxPYVXqjNU54T,KA
44,Male,Higher,Asian,34,8,37,English,R_1CCNGuxRE7kUEOd,KA
28,Female,Higher,Asian,0,0,0,English,R_22nXVmlYr8jMP1A,KA
25,Female,Higher,Asian,29,9,50,Other,R_3CKkvEChvwV8dre,KA
20,Male,Further,Asian,29,8,48,Other,R_1Oqm0HHn1FYd34m,KA
41,Female,Higher,Asian,29,11,54,Other,R_YRiAOwdNHcT7qpj,KA
20,Female,Secondary,Asian,36,9,56,Other,R_vCYG8Qh7qw13dq9,KA
22,Female,Higher,Asian,0,0,0,Other,R_6gmp8iLMlYFCSeB,KA
24,Female,Higher,Asian,39,0,0,English,R_vvpynxTVmThO4Ex,KA
33,Male,Higher,Asian,0,0,0,Other,R_30cKXJOA6WY7LEo,KA
28,Male,Higher,Asian,35,9,0,Other,R_2xCTSqSdZ1EjFcn,KA
28,Male,Higher,Asian,34,0,0,Other,R_1BPWX3S0ZdCkOoi,KA
24,Female,Higher,Asian,34,9,61,English,R_1OSIp6AkO5mlPjJ,KA
36,prefer-not-to-say,Higher,Asian,28,6,57,Other,R_2ZNUQKdnrpAGIZ0,KA
41,Male,Secondary,Asian,25,6,57,Other,R_9BqZvz8pIwRra1z,KA
24,Female,Higher,Asian,30,11,56,Other,R_1n9GmZYSJNH9TkN,KA
23,Male,Higher,Asian,0,0,0,Other,R_3KCOPW6472mL3pR,KA
23,Female,Higher,Asian,26,0,0,Other,R_1NgcG7nQ9E7e6qs,KA
24,Female,Further,Asian,27,10,44,Other,R_bmjXaspjI5s5MKB,KA
24,Female,Higher,Asian,0,0,0,Other,R_AiEieGMpiqXaAMN,KA
24,Female,Higher,Asian,28,10,0,Other,R_2sTmUWIDDRcYPfs,KA
21,Female,Higher,Asian,0,0,0,Other,R_OGUF9m0cX9Oci7D,KA
45,Male,Further,Asian,30,8,46,Other,R_se7w5F3b80RGo2B,KA
23,Female,Higher,Asian,34,4,39,Other,R_cuRcxp4Vun1oIi5,KA
24,Female,Higher,Asian,40,9,24,Other,R_1MRLUcRKgtDpKRG,KA
35,Male,Secondary,Asian,12,4,28,Other,R_1GDhi5IPrcIt2e6,KA
24,Female,Higher,Asian,0,0,0,Other,R_3nN5StUPXSsQKqQ,KA
34,Female,Higher,Asian,25,9,43,Other,R_1Hho9ATDW6wag2b,KA
23,Female,Further,Asian,20,0,0,Other,R_1eEvQbJqqXhQYDg,KA
23,Female,Higher,Asian,31,0,0,Other,R_2cq03QWkLC13GdP,KA
37,Female,Higher,Asian,31,10,61,Other,R_1ghk4d4HyTEzTlJ,KA
24,Male,Higher,Asian,0,0,0,Other,R_3PYlwWL6KWqFlLL,KA
19,Male,Further,Asian,0,0,0,Other,R_RlhMv86mIPeihlT,KA
19,Female,Secondary,Asian,0,0,0,English,R_1rqvrF07ZA1aYoo,KA
18,Female,Secondary,Asian,0,0,0,Other,R_cGXU1vLjvRnqJvb,KA
40,Male,Higher,Asian,27,11,57,Other,R_2fwf4Nt2cMpqvJW,KA
24,Female,Higher,Asian,30,0,0,English,R_yEKWWTCR3WVI59f,KA
24,Female,Higher,Asian,0,0,0,Other,R_2dha52tm2gkx2QB,KA
40,Female,Secondary,Asian,22,11,37,Other,R_22nolfj4oas2hE9,KA
58,Female,Higher,Asian,31,9,63,Other,R_cD6f2EVEMegZDLH,KA
42,Female,Higher,Asian,38,8,58,Other,R_2YWhruY9eJuWNL8,KA
24,Female,Higher,Asian,0,0,0,Other,R_2S0iru1MUWvoZmA,KA
26,Male,Higher,Asian,0,0,0,Other,R_3dXJqxpu39Js28e,KA
19,Female,Higher,Asian,26,6,53,Other,R_pcqO4o2cL29CE49,KA
34,Female,Further,Asian,0,0,0,Other,R_2aJFWQsTD3rcuVN,KA
23,Female,Higher,Asian,19,0,0,Other,R_3lMpCZrS1eaWbnt,KA
23,Female,Higher,Asian,0,0,0,Other,R_voYAJWlywwLiPOV,KA
24,Female,Higher,Asian,0,0,0,Other,R_Y6prJ3ACB9LO5kl,KA
33,Male,Higher,Asian,25,9,45,Other,R_wYtG5EBfeRpZpFD,KA
24,Female,Higher,Asian,22,0,0,Other,R_1jIIztfmEIbvVae,KA
30,Male,Higher,Asian,37,6,53,Other,R_27WgqUW1vQMEDDW,KA
23,Female,Higher,Asian,39,12,47,Other,R_32WSiVO7cQldh5Q,KA
20,Female,Secondary,Asian,35,7,52,Other,R_25Fu9FBK4Loj3NE,KA
36,Female,Further,Asian,0,0,0,Other,R_1QLVHZVmgzQuPVt,KA
18,Female,Secondary,Asian,0,0,0,Other,R_2ykCcAVZwi8Yv6F,KA
50,Male,Higher,Asian,0,0,0,Other,R_3eh54NWvYFa2YzD,KA
54,Female,Higher,Asian,36,0,0,Other,R_3phvD7IB07clHOD,KA
51,Male,Higher,Asian,0,0,0,Other,R_ema851qUsSprCox,KA
24,Female,Higher,Asian,0,0,0,English,R_1NeUEZIiUnM3nlA,KA
21,Female,Higher,Asian,26,0,0,English,R_3Mih2uxjtaut0r8,KA
23,Female,Higher,Asian,33,0,0,Other,R_1mrfOmjA4C6yRBb,KA
18,Female,Secondary,Mixed,13,0,0,English,R_1pFphL88j0r2Bvw,KA
21,Female,Higher,Asian,26,0,0,Other,R_A6Wnp95LTBAPwfn,KA
21,Male,Higher,Asian,20,5,45,Other,R_2ScvsmgrUx11cjm,ZW
23,Female,Higher,Asian,16,4,37,Other,R_3HwypZuwyQo4Xbk,ZW
23,Female,Higher,Asian,37,6,47,Other,R_3dQNwtGgYgL0Xjb,ZW
25,Male,Higher,Asian,24,9,29,Other,R_3NxDxOwMSao85eP,ZW
22,Female,Further,Asian,8,3,52,English,R_8crBDvxzELlTGDL,ZW
23,Male,Higher,Asian,17,5,34,Other,R_9FusBINUTtC68tb,ZW
25,Male,Higher,Black,8,4,31,Other,R_XOrUXdt3oQO7sBP,ZW
22,Female,Higher,Asian,22,6,49,Other,R_1jInlhC4V2fL5kG,ZW
23,Female,Higher,Asian,19,8,56,Other,R_1K7t2ZTt0yrW2I0,ZW
24,Female,Higher,Asian,23,4,46,Other,R_ymBsv6MMw5Ofotj,ZW
30,prefer-not-to-say,Higher,Asian,18,3,34,Other,R_2rABAb8PvoTM5DP,ZW
25,Male,Higher,Asian,12,4,40,Other,R_3nDCN1vwPWYegVY,ZW
24,Female,Higher,Asian,13,6,26,Other,R_2YXioeqm1BDRn6Z,ZW
23,Female,Higher,Asian,36,8,31,Other,R_2DOi62G6afWXN8f,ZW
24,Male,Higher,Asian,26,5,48,Other,R_zSWbwrAJnoTAKtP,ZW
24,Male,Higher,Asian,35,11,41,Other,R_28ImH2OOmgmotBc,ZW
23,Male,Higher,Asian,23,4,40,Other,R_3n5Ywa6Sd4konGN,ZW
24,Female,Higher,Asian,20,6,48,Other,R_2aYauSW9NSersIA,ZW
24,Female,Higher,Asian,14,3,43,Other,R_BXTq7tG7QaQVp9T,ZW
24,Female,Further,Asian,15,7,49,Other,R_10pjsvY4ox7YoiE,ZW
25,Male,Higher,Asian,32,5,40,Other,R_UMY73Wtrh9y6CT7,ZW
22,Female,Higher,Asian,23,4,40,Other,R_3MSBNcJ8IU9VrQB,ZW
27,Male,Further,Asian,28,11,24,Other,R_p6rxCtZbhHGZYTD,ZW
24,Female,Higher,Asian,39,10,48,Other,R_2e9ywrYR6WxJ0Oi,ZW
28,Male,Higher,Asian,33,5,36,Other,R_1DUU07ktWnXiN1a,ZW
20,Male,Higher,Asian,24,8,40,Other,R_3RxzuUyEqjvZtsy,ZW
24,Female,Higher,Asian,35,8,45,Other,R_3lYwecfGu5Tfhyl,ZW
37,Female,Higher,Asian,39,8,35,Other,R_3lubU3u81GFEZF9,ZW
24,Female,Higher,Asian,15,7,48,Other,R_3fxXEoIbBspQSMo,ZW
25,Male,Higher,Asian,37,7,39,Other,R_tLs6weVKOi3KBVv,ZW
25,Male,Higher,Asian,15,3,36,Other,R_rrMwA57DW0lRRx7,ZW
24,Female,Higher,Asian,24,6,22,Other,R_3G2NRi5JpmjgA9E,ZW
24,Female,Higher,Asian,33,4,48,Other,R_3KUAEn0gq9aSFuJ,ZW
24,Female,Higher,Asian,33,7,40,Other,R_21van379vIfXyTe,ZW
24,Female,Higher,Asian,33,7,53,Other,R_1hSdwsA4DWpN2Ks,ZW
22,Female,Higher,Asian,14,3,42,Other,R_wSK9LxPx4rwAJfH,ZW
22,Male,Higher,Asian,38,10,28,Other,R_2YD4km34HnUtAwW,ZW
23,Female,Higher,Asian,22,5,32,Other,R_3Okr4uaTeMC2xvM,ZW
24,Female,Higher,Asian,37,4,44,Other,R_1d76tnaNTykOPsx,ZW
22,Female,Further,Asian,15,7,42,Other,R_1d4BH8NS8EMZj3l,ZW
21,Male,Higher,Asian,24,4,41,English,R_1liYBzQtRJNmUTC,ZW
22,Male,Further,Asian,17,2,40,Other,R_TqtDWxF407JTpRf,ZW
22,Male,Higher,Asian,35,3,54,English,R_6PAvYva5bFHS5Cp,ZW
23,Male,Higher,Asian,27,3,45,English,R_3IQwiPXwKliHrHw,ZW
25,Male,Higher,Asian,35,4,57,Other,R_3HBojE4x4mJDa0u,ZW
21,Male,Higher,Asian,18,10,43,Other,R_1Ow7lrsplBR65ZW,ZW
21,Female,Higher,Asian,32,8,60,Other,R_1gRBgMMFgcidt2M,ZW
25,Male,Higher,Asian,21,3,43,Other,R_3qsoYZnp0FiTWeD,ZW
24,Male,Higher,Asian,14,7,45,Other,R_2WBTcmHoFvIiuCo,ZW
23,Female,Higher,Asian,29,5,44,Other,R_3q7IHlZ35C5HGhP,ZW
23,Female,Higher,Asian,33,5,45,Other,R_2rBnHWFIUqdCeqC,ZW
24,Female,Higher,Asian,15,3,36,Other,R_2YzeWlx5NVIUTJ3,ZW
22,Female,Higher,Asian,24,5,55,Other,R_3Dv7vsPIrWcUmRi,ZW
22,Female,Higher,Asian,34,5,57,Other,R_6wYJVGhHancIuTT,ZW
24,Male,Higher,Asian,27,4,49,Other,R_2dYdX6Xqvq2VImt,ZW
21,Female,Higher,Asian,31,8,43,Other,R_3DbRKOlKBY4huOD,ZW
21,Male,Higher,Asian,20,8,54,Other,R_2RVdVeR0Bfbj1jt,ZW
21,Female,Higher,Asian,32,5,59,Other,R_3qvRmuYxRz84jyR,ZW
27,Female,Higher,Asian,24,5,58,Other,R_5hbZzNtDwtbXJcJ,ZW
21,Female,Further,Asian,30,6,44,Other,R_3esrmPaHqA1t0wl,ZW
22,Female,Higher,Asian,31,7,37,English,R_WkWflCZmgfi7Go1,ZW
23,Male,Higher,Asian,31,8,42,Other,R_R9noyk6tyL7wTJL,ZW
22,Female,Higher,Asian,38,6,47,Other,R_41tWsmfuz0lRCiB,ZW
22,Female,Higher,Asian,24,5,51,Other,R_a97IF5spndohgQh,ZW
22,Female,Higher,Asian,29,4,53,Other,R_ah40JneRrUT46wp,ZW
25,Male,Higher,Asian,30,3,55,English,R_1JDEijFRGRwcNR4,ZW
28,Male,Higher,Asian,28,5,47,Other,R_2VJxYqQWVRUL2om,ZW
25,Female,Higher,Asian,33,5,49,Other,R_vMHr5JW8upmyXol,ZW
21,Male,Higher,Asian,35,9,54,Other,R_1P7DEHOl3cx9cAK,ZW
27,Male,Higher,Asian,34,3,36,English,R_2X6u7rPMwWIBiQZ,ZW
22,Male,Higher,Asian,37,7,31,Other,R_WfbxlhhdeIdrY8F,ZW
21,Female,Higher,Asian,29,9,57,Other,R_262UOJMbMQPyPO2,ZW
25,Male,Secondary,Mixed,8,4,35,English,R_2U3InfIwKFKedIk,ZW
21,Male,Secondary,Asian,28,6,51,Other,R_3pf2m9E3YRjuM9J,ZW
21,Female,Higher,Asian,18,8,51,Other,R_1IEEh4zGJQWKcCW,ZW
22,Female,Higher,Asian,20,5,44,Other,R_26hDZ0BPcw7uuPM,ZW
22,Male,Higher,Asian,35,7,49,Other,R_1g6fyzPPRG4zQlF,ZW
21,Female,Higher,Asian,23,4,45,Other,R_2ckJPNTeRyy4pyM,ZW
22,Male,Higher,Asian,38,5,45,Other,R_2BxuT6smtnMIaL4,ZW
23,Male,Higher,Asian,36,6,50,English,R_2tbYAuOXWrUGgDk,ZW
25,Male,Further,Asian,35,7,43,Other,R_1n2SPGD4GVCY0og,ZW
23,Female,Higher,Asian,17,6,37,Other,R_DNpLqgQgmtHkvBv,ZW
21,Female,Further,Asian,36,5,43,Other,R_1FkRIThKQmklHF3,ZW
22,Female,Higher,Asian,39,5,42,Other,R_3MsvL8Ni1yRk3hM,ZW
22,Male,Higher,Asian,31,11,43,Other,R_29iWHPiosY2QJV4,ZW
23,Male,Higher,Asian,33,3,41,English,R_33DQKp47JVAab0J,ZW
21,Female,Secondary,Asian,38,7,56,Other,R_1LCdGxIL5P7VVXu,ZW
22,Female,Further,Asian,34,4,45,Other,R_3jSrdkxdfL2OgEy,ZW
21,Female,Further,Asian,20,7,52,Other,R_3pt13Jz5AICFuyB,ZW
25,Female,Higher,Asian,25,11,48,Other,R_vN9kU4sSWw0VQB3,ZW
23,Female,Higher,Asian,16,8,45,Other,R_1K8NRPpHRaxAWQ9,ZW
25,Male,Higher,Asian,23,8,55,English,R_bHfVYCEIZ5Lwset,ZW
22,Female,Higher,Asian,25,5,45,Other,R_3nJi4kW1XHihasu,ZW
22,Female,Secondary,Asian,23,5,57,Other,R_3NE9LcWYpiD4pW8,ZW
22,Female,Higher,Asian,25,9,46,Other,R_3fpp1DjqEry79ia,ZW
23,Female,Higher,Asian,28,8,53,Other,R_Uuq3R1rmUIkBrLr,ZW
23,Female,Higher,Asian,18,4,27,Other,R_1Q4LFl6MzsIMzkK,ZW
25,Male,Higher,Asian,38,4,55,Other,R_3CTTRRd8HdVbiuS,ZW
25,Female,Higher,Asian,27,9,56,Other,R_vIemUoRqZMxaBVv,ZW
22,Female,Higher,Asian,33,8,50,Other,R_2fwBcEANncyqRXC,ZW
25,Male,Higher,Asian,32,5,63,English,R_3lMvrA8sqgZGSp3,ZW
21,Female,Higher,Asian,39,5,49,Other,R_3gZrMnYDjVA5LCA,ZW
37,Male,Higher,Asian,21,3,31,Other,R_1JEmnpkOS1hUvI4,ZW
43,Male,Higher,Asian,33,8,57,Other,R_doO7yhZoPvhlUXf,ZW
25,Female,Secondary,Asian,17,2,38,Other,R_OHfUFW2mrm9Gexb,ZW
25,Female,Further,Asian,19,5,44,Other,R_21sqcDi9XtwN7MK,ZW
39,Male,Higher,Asian,28,6,40,Other,R_w74T2pmb6llm1uV,ZW
46,Male,Higher,Asian,37,10,54,Other,R_21z8kODKURwMFUv,ZW
40,Male,Higher,Asian,18,5,30,Other,R_3oYekeUiJVcNnoH,ZW
27,Female,Higher,Asian,35,5,53,Other,R_3n9kEakNHLwKn2F,ZW
46,Male,Higher,Asian,16,3,51,Other,R_2A0jhvMDDIaPXA9,ZW
22,Female,Higher,Asian,26,6,31,Other,R_xFqt6m4NqGzbbEd,ZW
23,Male,Higher,Asian,36,5,31,Other,R_3EXSnJjBidsyIna,ZW
25,Female,Further,Asian,31,5,54,Other,R_3kdkH8EX7BhpKee,ZW
30,Female,Higher,Asian,32,6,36,Other,R_2rOadh3ZDsJbBkI,ZW
100,Female,Further,Mixed,11,3,38,English,R_2wHpg9M7uzN70hx,ZW
29,Female,Higher,Asian,34,5,56,Other,R_2vjhG03W5yKlSVj,ZW
26,Male,Secondary,Black,8,3,40,English,R_32VKyJKQQeJqVVN,ZW
20,Female,Higher,Asian,16,2,31,Other,R_2eWnNUayUwLTuZ7,ZW
20,Female,Higher,Asian,36,3,58,Other,R_27QJ7SMo5efxVC6,ZW
19,Female,Higher,Asian,36,5,49,Other,R_1BXhlwxCxfzakh1,ZW
21,Female,Higher,Asian,35,8,49,Other,R_QifUGnvuU7jRyGB,ZW
20,Female,Higher,Asian,37,6,51,Other,R_20VdgnrOLXmYlS4,ZW
20,Male,Further,Asian,38,8,51,Other,R_1lcSrhBTiDYUOZi,ZW
27,Female,Higher,Asian,36,5,41,Other,R_3nUXjjfKw3Pe3MU,ZW
22,Female,Further,Asian,24,7,29,Other,R_305MasGUXIkVbxw,ZW
28,Female,Higher,Asian,27,10,51,Other,R_1hElEGgOtTQ0JGe,ZW
23,Female,Further,Asian,0,0,0,Other,R_3JxG9VBkwhH852h,ZW
24,Male,Higher,Asian,0,0,0,Other,R_1BQVBeuWXXgTwIp,ZW
28,Female,Higher,Asian,18,3,58,Other,R_USbYbLUwsGsLBER,ZW
