ResponseId,mean.acc,mean.self,AGE,GENDER,EDUCATION,ETHNICITY,SHIPLEY,HLVA,FACTOR3,NATIVE.LANGUAGE,study
R_1lcaBAGJNNI2kju,1,7.6,18,Female,Further,White,31,10,48,English,PSYC122
R_AG4jiTm8oxmuOOZ,0.9,7.6,18,Female,Further,White,35,10,40,English,PSYC122
R_2Ckb6YXLPGwYSvg,0.95,7.2,18,Male,Further,Asian,35,9,47,Other,PSYC122
R_27JY5xHHcMs7jGi,0.9,6.8,18,Female,Further,White,35,8,52,English,PSYC122
R_1DtJ4mrOXmxre01,0.85,6.4,19,Female,Further,White,33,9,41,English,PSYC122
R_PRFQFInzSS6T8e5,0.9,6.2,19,Female,Further,Mixed,36,5,52,English,PSYC122
R_OvCKBtcNgZ61En7,1,5.4,18,Female,Further,White,27,10,40,English,PSYC122
R_2v6QKhexIfefk5c,0.85,7.6,19,Female,Further,White,30,9,58,English,PSYC122
R_1diBNAuzsM3IRyx,0.85,6.2,18,Female,Further,White,26,7,52,English,PSYC122
R_Ab7lWHpYejFRDMJ,0.85,7.6,19,Female,Further,White,38,4,50,English,PSYC122
R_3QJAyG4WffJF8Jj,0.9,8.4,19,Female,Further,White,26,8,55,English,PSYC122
R_2COmL4bjyYGrq1f,0.85,5.4,19,Female,Further,White,28,9,41,English,PSYC122
R_2bIWkifPugWuyWZ,0.95,6.6,19,Female,Further,White,31,7,38,English,PSYC122
R_11Zp9DQMbCLUYGR,0.95,6.6,19,Female,Further,White,24,6,47,English,PSYC122
R_3mlq7srR6DKYD4M,0.9,5.6,22,Female,Further,White,32,8,54,English,PSYC122
R_CZAcx6qbxHxAwYp,0.8,6.8,18,Female,Further,White,37,10,40,English,PSYC122
R_3NEctjt5cRIBZ4d,0.8,7.6,18,Female,Further,White,35,10,50,English,PSYC122
R_20SXRLc9UB5ki7F,0.95,7.8,22,Female,Further,White,40,9,60,English,PSYC122
R_1F2rjWa0x3KW25O,0.8,6,20,Female,Secondary,White,29,6,43,English,PSYC122
R_2rCHvq0otzksf9G,0.9,5.2,19,Female,Further,White,40,6,51,English,PSYC122
R_2wLGHjrkmpezLFY,0.8,7.2,18,Female,Further,White,30,3,48,English,PSYC122
R_1n3pzuEkgAcjF5V,0.9,6.6,19,Female,Further,White,40,7,50,English,PSYC122
R_su85AohLlI9yTsd,0.9,7.8,19,Female,Further,White,31,8,49,English,PSYC122
R_1IKkqTuD8pUC3L0,0.9,6.8,18,Female,Further,Mixed,29,9,43,English,PSYC122
R_1Q9P9ANUfDiFfcW,0.9,6.6,18,Female,Further,Asian,35,9,51,Other,PSYC122
R_1mgUEAGbn97nwQ5,0.95,7.4,19,Female,Further,White,34,10,48,English,PSYC122
R_12c2eGstiucsOlg,0.95,8.4,18,Female,Further,Black,29,8,47,English,PSYC122
R_2wQDKNn8DT6jYgi,0.95,5.8,20,Female,Further,White,31,9,42,Other,PSYC122
R_21tV9AwAxOBL6xM,0.85,9,20,Female,Further,Asian,25,11,59,Other,PSYC122
R_1meCsg3zy0WdTvl,0.85,6.8,19,Male,Further,White,37,5,48,English,PSYC122
R_2E5mgVeIuW3exol,0.85,7.8,21,Female,Secondary,White,39,8,51,English,PSYC122
R_2rYPmJt1SdUVkdB,0.9,6.8,19,Female,Further,White,32,8,37,English,PSYC122
R_2CCArkbihFlMtrE,0.9,6.8,21,Female,Further,White,37,7,46,English,PSYC122
R_1JWsIzSkYqVyUDg,0.65,5,18,Female,Further,White,30,5,48,English,PSYC122
R_Qiyq7giYqePjsI1,0.9,7.4,18,Female,Further,White,36,4,42,English,PSYC122
R_yISV1rZS51ztlrH,1,7.6,19,Male,Further,White,40,8,49,English,PSYC122
R_ZBSaRD8yuHBhG3D,0.95,7,18,Female,Further,White,36,9,59,English,PSYC122
R_2RaXklWw9O03Gw8,0.9,7.8,19,Female,Further,White,35,9,52,English,PSYC122
R_29iCxajSEmVYVrY,0.9,6.6,19,Female,Further,White,26,10,30,English,PSYC122
R_1N9pW2sGBUaHOEL,0.9,7,18,Female,Further,White,37,6,51,English,PSYC122
R_3oXuoZqGM5UhxBP,0.8,7.2,18,Female,Further,Black,32,10,53,English,PSYC122
R_87x6yxnxFEzGZbP,0.85,8,21,Female,Further,White,32,9,52,English,PSYC122
R_2z5AQIKSqoBYJNg,0.95,7.2,19,Female,Further,White,28,6,49,English,PSYC122
R_1dnrhFVZbDQGNyx,0.75,8.4,20,Female,Further,White,30,7,43,English,PSYC122
R_SJEO6xOzRqXYesx,1,9,19,Female,Further,White,33,10,51,English,PSYC122
R_2B5MLi7jNGCMaJ3,0.95,7.6,18,Female,Further,White,31,7,56,English,PSYC122
R_1qTXIciwwDPemw5,0.75,6.6,19,Female,Further,White,33,9,36,English,PSYC122
R_2CNtHVqy594Y9DW,0.9,9,19,Female,Further,White,39,12,50,English,PSYC122
R_BM5dpla7yDHtjC9,0.9,5.8,18,Female,Further,White,34,9,45,English,PSYC122
R_3iKK7AH03T6bbIN,0.9,4.4,18,Female,Further,White,34,8,45,English,PSYC122
R_1GwugadQLUcLgA5,0.95,5.4,19,Female,Further,White,29,7,50,English,PSYC122
R_Oqbx9KMzcHaiUyB,0.95,7.2,19,Male,Further,Asian,33,9,46,Other,PSYC122
R_22nrhb8VhgBlZiI,0.95,8,18,Female,Further,White,30,9,47,English,PSYC122
R_3kpttsvsXzIAKiH,0.85,5,18,Male,Further,White,30,8,43,English,PSYC122
R_3EgqUuOc58fFts2,0.95,7.8,19,Female,Further,White,33,9,49,English,PSYC122
R_2uvw0EGsQVd1fZy,0.95,5.4,18,Female,Further,White,38,10,55,Other,PSYC122
R_24o689dhwHsH3Hg,0.95,7.6,20,Female,Further,Asian,39,10,49,English,PSYC122
R_2YKYgcXf2Z6TgSK,0.9,8.4,18,Female,Further,White,39,12,57,English,PSYC122
R_1lauQdjZXVCUMYD,0.85,6.6,18,Female,Further,White,25,8,40,English,PSYC122
R_pgDCe3eF71MvuQV,0.9,6.4,18,Female,Further,White,35,11,41,English,PSYC122
R_DNxvom42Oa1L0DD,0.9,8,38,Female,Higher,Other,37,7,59,English,PSYC122
R_3fl3FDYmP3AOqgF,0.9,7.4,19,Female,Further,White,33,9,44,English,PSYC122
R_Y0xsDEWnLxRBTq1,0.95,7.2,18,Male,Further,White,34,11,46,English,PSYC122
R_2rTMBmyC8nxyjx7,0.85,7.4,19,Female,Further,White,25,6,44,English,PSYC122
R_9zdtrwA7L8WCKBj,1,8.4,18,Female,Secondary,White,33,6,48,English,PSYC122
R_poveQ0bvSluOrCx,0.75,7,18,Female,Further,White,22,9,34,English,PSYC122
R_1ocHh1I1ZyvkuTh,0.85,4.6,19,Female,Further,Asian,24,11,50,English,PSYC122
R_2ztLLWH2UZvX7ce,0.95,7.8,19,Female,Secondary,White,40,10,51,Other,PSYC122
R_Pzj4wRlzwAHFxXX,0.65,3.4,19,Female,Further,Black,23,9,48,English,PSYC122
R_3KPCldHdXVqEh8E,0.95,5.8,19,Female,Further,White,27,13,37,English,PSYC122
R_vAeXZwxNPPzzZap,0.9,7.6,18,Female,Secondary,Asian,37,6,31,Other,PSYC122
R_3EMvdiv8RgR3c1f,0.85,7.8,20,Female,Further,Mixed,34,12,48,Other,PSYC122
R_XR000PJMIGPDe6d,0.85,7,19,Female,Further,Mixed,29,11,48,English,PSYC122
R_AMQGliUI6h3gVHj,0.75,6.4,18,Female,Higher,White,34,8,51,English,PSYC122
R_3Rg3BpefTQXB6YC,0.9,6,19,Female,Further,White,39,10,30,English,PSYC122
R_2eRTG8ZkHHNGxOZ,0.95,6.8,19,Female,Further,White,32,8,40,English,PSYC122
R_r8S07gbNxmlBtAt,0.75,7.2,18,Male,Secondary,White,28,8,47,English,PSYC122
R_2OZw1R23oB0NTYg,0.95,6.8,19,Prefer-not-to-say,Further,White,40,9,62,English,PSYC122
R_1eJER0Z4zgDssfU,0.75,7.8,18,Female,Further,White,33,12,56,Other,PSYC122
R_12mP5jzvMLmsGD5,0.75,7.2,19,Male,Secondary,Asian,34,6,36,Other,PSYC122
R_2l4IILs3hL8ao8h,0.95,6.4,18,Female,Secondary,White,37,9,43,Other,PSYC122
R_21sKWpHKVNSCtU4,1,8,18,Female,Further,White,30,7,46,English,PSYC122
R_3hciYdallSGaEYy,0.85,7,19,Female,Further,White,39,11,45,English,PSYC122
R_12b78sFruyrzt4w,0.9,4.2,23,Female,Further,White,31,4,32,English,PSYC122
R_2rCa7Xf0hhZjAWq,0.8,7.2,25,Male,Further,Mixed,39,9,47,English,PSYC122
R_3q8UXObXG8gZRY5,0.95,6.8,18,Female,Further,White,32,11,47,English,PSYC122
R_2VqAwTruU24iUQd,0.9,6.6,18,Female,Secondary,Asian,24,7,45,Other,PSYC122
R_2dFI4DhPOCIXoGV,0.85,3.6,20,Female,Further,White,34,11,47,English,PSYC122
R_3KvxSZJDkYxdXPf,0.75,5.8,18,Male,Further,White,28,6,42,English,PSYC122
R_1q1Yrwtj9lXHcHk,0.8,6.6,20,Male,Secondary,White,33,7,53,Other,PSYC122
R_1r2HguYY30sVrXs,0.9,8.4,19,Non-Binary,Further,White,36,6,55,English,PSYC122
R_8czz7lYV08PWh1f,0.75,6.4,20,Female,Further,White,31,9,39,English,PSYC122
R_1g6crttadTjWgMY,0.9,6.2,18,Female,Further,White,39,8,46,English,PSYC122
R_1Do1pogCuXE1We0,0.6,6.8,18,Female,Further,White,28,12,48,English,PSYC122
R_3Eyc0RIYODwm5iO,1,7.4,18,Female,Further,White,34,10,49,English,PSYC122
R_12PgNzdfzL8EByX,0.95,8,25,Female,Further,Mixed,40,8,43,English,PSYC122
R_22qOLncTLYQphi4,0.95,7.2,18,Female,Secondary,Asian,38,11,36,Other,PSYC122
R_3JdZ7rAun39lYSt,1,5.8,18,Female,Further,White,32,7,52,English,PSYC122
R_3fuTGE5oTmQjIw6,0.85,7.2,19,Female,Further,Asian,28,5,39,English,PSYC122
R_1pxHWFyjwJ7VNfw,0.85,6.8,18,Female,Further,Black,35,9,48,English,PSYC122
R_PTEJdKij0QzjAWZ,0.75,9,21,Female,Further,Asian,37,11,61,Other,PSYC122
R_3RjwkvI2VVSQlEO,0.9,7.2,19,Female,Further,White,38,11,45,English,PSYC122
R_0kCcMNrjhPjYhLr,0.85,7.4,18,Male,Further,White,33,9,55,English,PSYC122
R_3MQdBMR4WKOVEpe,0.7,4.8,20,Female,Further,White,39,9,45,Other,PSYC122
R_VWllCG9OHI1KSbf,0.85,7.8,19,Female,Further,White,29,8,44,English,PSYC122
R_2YzVLA6HYLyi2x1,0.9,8.4,18,Female,Further,White,38,9,39,English,PSYC122
R_10qKv1pN3DZeQwg,0.85,5,19,Female,Further,White,33,8,41,Other,PSYC122
R_sKW4OJnOlidPxrH,0.95,7.2,20,Female,Further,Asian,26,8,59,English,PSYC304.cs
R_27paPJzIutLoqk8,0.7,4.6,21,Female,Higher,Asian,26,6,51,Other,PSYC304.cs
R_1nW0lpFdfumlI1p,0.95,8.4,20,Male,Higher,Asian,27,4,50,Other,PSYC304.cs
R_31ZqPQpNEEapoW8,0.85,6.2,18,Female,Further,Asian,26,11,43,Other,PSYC304.cs
R_2whvE2IW90nj2P7,0.8,5,20,Female,Secondary,Asian,27,8,42,Other,PSYC304.cs
R_3CAxrri9clBT7sl,0.85,5.6,20,Female,Higher,Asian,39,10,39,Other,PSYC304.cs
R_UhyqGKcKJ8p4dDr,0.95,8,57,Female,Higher,Asian,39,8,45,Other,PSYC304.cs
R_1FnqgQlxslB298R,0.95,8,18,Male,Secondary,Asian,25,10,52,Other,PSYC304.cs
R_3dJGNr1UEEE3fl9,0.5,4.4,21,Male,Secondary,Asian,24,4,43,Other,PSYC304.cs
R_2Y6aKmGIeJhYCNc,0.75,5.2,21,Female,Secondary,Asian,22,7,42,Other,PSYC304.cs
R_eYaltNtJrPPXgoF,0.8,7.6,20,Female,Higher,Asian,37,8,46,Other,PSYC304.cs
R_1pmKyUPkrHg2rjr,0.95,9,52,Female,Higher,Asian,34,10,52,Other,PSYC304.cs
R_2tEW8N2eNJHwPJA,0.8,7.2,21,Female,Higher,Asian,26,8,44,Other,PSYC304.cs
R_3lM8w5XU7D1CGj3,0.5,4.2,20,Female,Secondary,Asian,26,9,40,Other,PSYC304.cs
R_pMA0LDHn8KbHNeN,0.9,7,22,Female,Secondary,Asian,35,11,48,Other,PSYC304.cs
R_3stxZFOfbrU4mHk,0.55,4.8,51,Female,Higher,Asian,32,8,36,Other,PSYC304.cs
R_1i9Ty6GnJIs6qMc,0.75,6.4,20,Female,Higher,Asian,28,8,49,Other,PSYC304.cs
R_3qvvV7lL3jm8XNP,0.95,8.4,19,Female,Secondary,Asian,40,8,53,Other,PSYC304.cs
R_265zBlSCe6PqIu2,0.9,7.4,49,Female,Higher,Asian,26,10,49,Other,PSYC304.cs
R_1po1DayReBfW3u4,0.85,6.4,19,Female,Secondary,Asian,37,10,41,Other,PSYC304.cs
R_1pssSXzph4D5IHW,1,8,53,Male,Higher,Asian,39,8,50,Other,PSYC304.cs
R_2qdsiKfgWqsn40x,0.8,5.4,21,Female,Secondary,Asian,23,4,34,Other,PSYC304.cs
R_3I4zcqoIHLLFx6q,0.85,3.8,24,Male,Higher,Asian,36,5,42,Other,PSYC304.cs
R_1ez0Etk9gSubiw0,0.85,4.8,27,Male,Higher,Asian,38,10,53,Other,PSYC304.cs
R_1jfBDhcO8uTKS7a,0.95,7.2,19,Female,Further,Asian,37,8,58,Other,PSYC304.cs
R_2vcX7u14rsLAfCa,0.75,5.2,19,Female,Secondary,White,24,4,43,English,PSYC304.jg
R_vYzUdLunFc0wl7H,0.85,4.8,40,Male,Secondary,White,36,8,27,English,PSYC304.jg
R_pcQphFanbDZMJRT,0.8,7.8,21,Male,Further,White,38,10,60,English,PSYC304.jg
R_1OHxHYQG0Tx6MZc,0.65,6.4,20,Male,Further,White,31,3,44,English,PSYC304.jg
R_1gBZQCucJz02z0K,0.9,6.8,21,Male,Further,White,34,6,49,English,PSYC304.jg
R_2WD2QTvD4pck0TH,0.85,8.4,20,Male,Higher,White,35,11,59,English,PSYC304.jg
R_32SbuBXjNOg1goH,0.9,5,51,Female,Further,White,40,5,55,English,PSYC304.jg
R_3kijxgi0UZM6ciE,0.95,8,20,Female,Further,White,32,8,47,English,PSYC304.jg
R_3DvZ21XBACVV7pX,1,8,21,Male,Further,White,34,13,51,English,PSYC304.jg
R_BtsL9imuAm45JTj,0.85,7.6,37,Female,Further,White,34,7,59,English,PSYC304.jg
R_8J8a1r8nU8zdTKF,0.95,5.2,51,Male,Further,White,39,10,48,English,PSYC304.jg
R_3Pbgt8btS8lmkto,1,7.2,21,Female,Further,White,39,11,49,English,PSYC304.jg
R_2bHSx4UibI9U2id,0.5,4,21,Female,Further,White,26,7,39,English,PSYC304.jg
R_sk7gkkRYBMiTiz7,0.9,6.6,19,Male,Secondary,White,28,11,52,English,PSYC304.jg
R_1dADXvrs5CBQuw1,1,6.8,27,Prefer-not-to-say,Higher,White,38,11,50,English,PSYC304.jg
R_PNcHAc8SqWPJiFP,0.95,8.2,20,Female,Further,White,33,8,57,English,PSYC304.jg
R_1oBZ7DEdDMOjVFx,0.7,5,21,Female,Higher,White,30,7,47,English,PSYC304.jg
R_28O1YLhY8oKU86V,0.95,8,20,Female,Further,Asian,39,8,61,Other,PSYC304.jg
R_01G3jLDBRT6PV3H,0.95,8,21,Male,Further,White,40,10,52,English,PSYC304.jg
R_2CUgTyfsECt4LwS,0.55,3.4,50,Male,Further,White,33,12,46,English,PSYC304.jg
R_1LZ26eAjKfsIRya,0.95,7.6,20,Female,Further,Other,35,10,56,Other,PSYC304.jg
R_3Gr1OkqaH55APQ7,0.85,7.4,51,Female,Secondary,White,33,8,59,English,PSYC304.jg
R_25zTeKk1gOqC393,0.8,8,55,Male,Secondary,White,37,7,46,English,PSYC304.jg
R_1gCTJgkDSe8eiLs,0.9,5.8,18,Female,Further,White,33,11,43,English,PSYC304.jg
R_1mV5v5HQv5NXGbp,0.85,7.6,51,Female,Higher,White,39,12,48,English,PSYC304.jg
R_BFxWh9lCQUTwzLj,0.75,6.4,21,Male,Further,White,35,7,44,English,PSYC304.jg
R_2EgXmaVJNSVaH80,0.45,8.2,31,Female,Further,White,26,5,45,English,PSYC304.jg
R_1jwtTaZRTTOp3sv,0.95,8,18,Female,Further,White,33,10,38,Other,PSYC304.jg
R_2wiO1YygKjVS8xh,0.95,8.6,18,Female,Further,White,31,10,46,English,PSYC304.jg
R_2S1sNfoiEd9Oz3S,0.5,5.4,18,Male,Secondary,White,28,6,46,English,PSYC304.jg
R_2tLK2jAvsxZCzRU,0.85,7.8,22,Male,Higher,Asian,37,8,47,Other,PSYC304.jg
R_3Of6hozjY1TgeMn,0.95,5.8,18,Female,Further,White,23,10,42,English,PSYC304.jg
R_2BgQOs9o32dXcoX,0.85,4.8,19,Female,Further,White,32,8,41,English,PSYC304.jg
R_pFN3f2NeynD090Z,0.9,8,18,Female,Further,White,37,11,59,English,PSYC304.jg
R_1cRLhPhR5HEiTTk,0.6,5,19,Female,Further,White,26,6,42,English,PSYC304.jg
R_2aWEZTzX0r4lk1H,0.65,8,19,Female,Further,Asian,34,7,45,English,PSYC304.jg
R_1CBcemqHcgCbvLr,0.8,6.6,18,Female,Further,Mixed,28,8,45,English,PSYC304.jg
R_soQ6Evaz27CO169,0.9,8.2,46,Female,Higher,White,39,12,60,English,PSYC304.jg
R_bxDT9RyCsYL614R,0.8,7,49,Female,Higher,White,39,12,56,English,PSYC304.jg
R_28SbiuuVWcKMOiH,0.8,6.8,18,Female,Further,White,34,8,40,English,PSYC304.jg
R_1DVkXLc0vyqN4Gp,0.7,6.8,18,Male,Further,Asian,34,5,48,English,PSYC304.jg
R_2b1wbJ0vorEmzjp,0.9,8,19,Female,Further,White,36,13,53,English,PSYC304.jg
R_2CHdn1XRd0gpMoH,0.95,7.2,19,Female,Further,White,33,9,45,English,PSYC304.jg
R_3sBs5Gp3ntqLdkW,0.95,7,18,Female,Further,White,35,11,51,English,PSYC304.jg
R_3oGbCmebT55JkIa,0.5,7.2,19,Female,Further,White,24,4,46,English,PSYC304.jg
R_1N4zIzAyzUnEjG1,0.8,6,21,Male,Further,White,34,10,58,English,PSYC304.jg
R_31N5cED0r5BsrKf,0.9,8,19,Female,Higher,White,34,9,43,English,PSYC304.jg
R_1cSA2ZDK92om024,0.85,8.8,54,Female,Higher,White,40,11,63,English,PSYC304.jg
R_37xIVjWBCqkCX73,0.95,6.6,43,Female,Further,White,33,8,57,English,PSYC304.jg
R_3jZqokat5VsZ4Aw,1,8,27,Female,Higher,White,35,13,57,English,PSYC304.jg
R_1CE2aCugHPX3xFf,0.8,3.8,37,Female,Higher,White,36,9,48,English,PSYC304.jg
R_3KGuLImhk0TO745,0.8,7.2,33,Male,Higher,White,33,6,46,English,PSYC304.jg
R_3FIK2OqHS5LtEcS,0.9,6,35,Female,Higher,White,35,8,48,English,PSYC304.jg
R_6hSBbQOU4glR5Id,0.8,6.2,20,Male,Further,White,31,10,50,English,PSYC304.jg
R_PAl9Iih1UQ1RuDv,1,8.4,50,Male,Higher,White,35,10,51,English,PSYC304.jg
R_sSGhVKHcVbsYiTn,1,8.6,55,Female,Higher,White,37,13,57,English,PSYC304.jg
R_RxjwKAc66YCCq3v,0.95,9,47,Female,Higher,White,36,9,63,English,PSYC304.jg
R_2QoHDg7WhPXUHcC,0.85,7.2,39,Female,Further,Asian,38,9,46,English,PSYC304.jg
R_1dLdt0f2QQ0RpmY,0.9,6.4,20,Female,Further,White,32,9,45,English,PSYC304.jg
R_3iD1zJwZ63tgKbv,0.75,8,20,Male,Further,White,34,10,52,English,PSYC304.jg
R_ZmfrmF0G2PhxHUd,0.8,9,20,Female,Further,White,39,7,46,Other,PSYC304.ml
R_2YnN1LbJNr4cnsK,0.9,9,20,Female,Further,White,31,11,56,Other,PSYC304.ml
R_3puxVtcgAdGEY2b,0.75,7.2,44,Male,Higher,White,25,7,56,Other,PSYC304.ml
R_2ymFKpNMhtcsvBj,0.55,8.2,31,Female,Further,White,31,7,45,Other,PSYC304.ml
R_21huAxxLjBFX3Ii,0.8,7.4,20,Female,Further,White,38,10,52,Other,PSYC304.ml
R_Tq1F14xlmM4sovL,0.65,7,19,Male,Further,White,34,8,40,Other,PSYC304.ml
R_12MEutsdCz1cyQy,0.9,9,33,Female,Higher,White,40,8,63,Other,PSYC304.ml
R_3nxf6nJ88YKHtJ7,0.5,6.4,38,Male,Further,White,18,7,45,Other,PSYC304.ml
R_2BfXxPeUm8GwT8p,0.4,1.8,63,Male,Higher,White,36,10,36,Other,PSYC304.ml
R_3KNF04WsJJjWeMB,0.35,1.6,44,Male,Higher,White,17,5,49,Other,PSYC304.ml
R_szHwIU41p8IrXMZ,0.45,1,63,Female,Further,White,36,9,35,Other,PSYC304.ml
R_1jJI9uu5ngDkcVx,0.9,8.6,37,Female,Further,White,32,11,53,English,PSYC304.ml
R_25SifsJKpsqUt3L,0.4,3.8,54,Female,Further,White,22,6,29,Other,PSYC304.ml
R_2f7ma3xwCVrthL6,0.65,8,39,Female,Higher,White,22,5,48,Other,PSYC304.ml
R_2P1B1g6CMGp6It6,0.8,9,34,Female,Higher,White,25,4,63,Other,PSYC304.ml
R_3kF05jPC3IaXEUV,0.6,3.2,42,Female,Higher,White,19,5,43,Other,PSYC304.ml
R_21iGwXYBvmvz6iN,0.95,8,21,Female,Secondary,White,39,8,62,Other,PSYC304.ml
R_30p104ffEK0ec29,0.75,9,19,Female,Further,White,36,9,56,Other,PSYC304.ml
R_2ug0PfeMdOsQq7T,0.45,6.6,31,Female,Further,White,20,6,60,Other,PSYC304.ml
R_2rSnIbphMgC2v6R,0.6,6.6,39,Male,Further,White,21,9,44,Other,PSYC304.ml
R_3fqs585rFjj40bl,0.5,2.2,45,Female,Higher,White,15,4,49,Other,PSYC304.ml
R_71UHrGw7Wdx0jzX,0.8,9,35,Female,Further,White,37,6,56,Other,PSYC304.ml
R_PwDavb2YV3Hsrq9,0.9,8,21,Female,Secondary,White,38,7,53,Other,PSYC304.ml
R_2v8IlxOGGet1mDD,0.75,8.2,39,Male,Higher,White,27,6,62,Other,PSYC304.ml
R_3nH5M1JlLgff47E,0.9,6.8,34,Female,Secondary,White,28,8,57,Other,PSYC304.ml
R_2TXyGwJNJy9PFrt,0.85,7.4,22,Male,Further,White,33,7,55,Other,PSYC304.ml
R_2pKKlY8BpVGLyof,0.85,8.4,32,Female,Higher,White,39,8,63,Other,PSYC304.ml
R_2YKZwe3fRDvwbih,0.5,6.2,43,Female,Higher,White,38,5,55,Other,PSYC304.ml
R_2cuZaEUTpMDJKMM,0.75,8,46,Female,Higher,White,36,6,58,Other,PSYC304.ml
R_3EupDpNfwPVjoNH,0.8,8.4,40,Female,Higher,White,29,8,48,Other,PSYC304.ml
R_1IRyLFBoHKQQPQP,0.9,7.2,39,Female,Higher,White,37,7,57,Other,PSYC304.ml
R_AMxiEoNhtIjNKo1,0.65,8.2,39,Female,Further,White,35,9,63,Other,PSYC304.ml
R_2f8pZmNR4ETYckD,0.9,9,19,Female,Further,White,39,12,54,Other,PSYC304.ml
R_3s548A2c8abzBOm,0.85,5.8,19,Male,Further,White,31,9,51,Other,PSYC304.ml
R_1q9zs9n8h84OB4C,0.4,6.2,38,Male,Further,White,32,9,51,English,PSYC304.ml
R_DdBzR1Pfxr5sT7j,0.8,6,24,Female,Further,White,38,9,50,English,PSYC304.ml
R_1ikhJ1iGeph7aSC,0.95,8,22,Female,Further,White,28,10,46,English,PSYC304.rw
R_0CxcOzj8sAmjHHj,0.85,7.4,59,Female,Higher,White,32,11,52,English,PSYC304.rw
R_2tJdIKDsdg0FD52,1,8,61,Male,Higher,White,36,10,55,English,PSYC304.rw
R_3jZGZG8edXAbdXq,0.95,7.6,22,Female,Higher,White,29,7,49,English,PSYC304.rw
R_yrUp37seEzLr1rH,0.8,8.4,81,Female,Higher,White,31,8,51,Other,PSYC304.rw
R_PIHdV2WuxRjzylr,1,8.6,21,Female,Further,White,27,9,41,English,PSYC304.rw
R_W1Bn1b8pPdMVGF3,0.9,6.6,21,Female,Higher,White,33,8,47,English,PSYC304.rw
R_3iO7F46wJd6d0iq,0.75,4,21,Female,Higher,White,26,8,49,English,PSYC304.rw
R_31Nt5jTu499VlGn,0.85,7,20,Male,Further,White,37,9,49,English,PSYC304.rw
R_1rPoXX7BRsHnO4m,1,7.6,22,Female,Higher,White,31,6,46,English,PSYC304.rw
R_2qmetno1Txk1PBc,0.7,3.6,58,Female,Higher,White,35,7,39,English,PSYC304.rw
R_2v0n1NVkNgyuN57,0.95,7,21,Female,Further,White,34,7,51,English,PSYC304.rw
R_73NSdrUrBEpEGE9,0.95,7.4,22,Female,Further,White,30,9,45,English,PSYC304.rw
R_efBnYefldAB7FuN,0.8,5,21,Female,Further,White,34,7,44,English,PSYC304.rw
R_2uP2qnRKc4klQ9F,0.95,7.2,56,Female,Higher,White,37,11,51,English,PSYC304.rw
R_1KdraRk4mU5IxL2,1,8,59,Female,Higher,White,38,12,54,English,PSYC304.rw
R_1n6nmNjc7qD4CW5,1,7.4,67,Male,Higher,White,38,11,46,English,PSYC304.rw
R_2EuYqolAnYjAYSt,0.85,8,55,Female,Further,White,39,10,53,English,PSYC304.rw
R_3KPApJbR5IcyBD7,0.8,7.6,62,Male,Further,White,40,10,47,English,PSYC304.rw
R_1ir4MOsbrqXdLN2,0.95,9,30,Female,Higher,White,37,10,62,English,PSYC304.rw
R_2wcdLVcLiMclwpC,0.9,7.8,64,Male,Further,White,36,11,43,English,PSYC304.rw
R_1F8kohbOvovDrzr,0.95,7.2,63,Female,Higher,White,35,7,50,English,PSYC304.rw
R_1LMe1KFmbufItzs,0.85,7.4,19,Female,Further,White,36,11,49,English,PSYC304.rw
R_2TBNVSYE8GUUgOO,0.85,6.4,18,Male,Further,Asian,35,7,42,English,PSYC304.rw
R_1DnwG36fR52uF4y,1,8.2,18,Male,Further,White,29,11,49,English,PSYC304.rw
R_1pMvBwDvCJcVf6L,0.95,8,18,Female,Further,White,34,12,38,Other,PSYC304.rw
R_1IYEZXRg33sVCiR,0.85,6,19,Female,Further,White,37,10,39,English,PSYC304.rw
R_2uX0c95bpDmWbJV,0.95,7.6,19,Female,Higher,Other,38,8,55,Other,PSYC304.rw
R_2urfiMreD5vxq0y,0.9,7.6,20,Female,Further,Asian,39,10,30,English,PSYC304.rw
R_2scnovqaygE60as,0.8,7,18,Female,Further,White,36,8,56,English,PSYC304.rw
R_3HjI43ikctGB46S,0.85,8,19,Female,Further,Asian,26,5,35,English,PSYC304.rw
R_25EFmo3uV7rIyAd,0.9,6.2,20,Female,Further,White,28,8,49,Other,PSYC304.rw
R_3M54reFQOudPaCt,0.9,7.4,19,Female,Further,White,29,7,40,English,PSYC304.rw
R_3PuB96gZvAsBBL2,0.8,6.6,18,Female,Further,Mixed,29,10,52,English,PSYC304.rw
R_pKsAkrksnzU8UNj,0.95,8.8,20,Female,Further,White,34,7,53,English,PSYC304.rw
R_2usuuWsR8keWsbl,0.85,7.8,18,Female,Higher,Asian,23,5,27,English,PSYC304.rw
R_3hznAFbEoxYakMo,0.75,7.2,18,Female,Further,Asian,33,7,47,Other,PSYC304.rw
R_30762qcJLATIjBc,0.75,7.2,18,Female,Further,White,27,12,49,English,PSYC304.rw
R_1gkJyjSOKETGoSY,0.75,9,39,Male,Higher,White,35,8,51,English,PSYC304.rw
R_25uugPmBqiI5WYR,0.95,9,18,Female,Further,White,37,9,57,English,PSYC304.rw
R_2OOoiYb4BGwQmVZ,0.65,3.2,22,Female,Further,White,19,4,38,English,PSYC304.rw
R_1esewkPIfho8BrE,0.7,6.6,67,Female,Further,White,31,8,53,English,PSYC304.rw
R_3JyhQhYJ0xVDh1e,0.7,6.6,58,Female,Secondary,White,33,7,50,English,PSYC304.rw
R_1dA05AehUIhQdiu,0.65,5.4,58,Female,Secondary,White,38,8,17,English,PSYC304.rw
R_Dl8j7G4rd2bntLz,0.9,9,67,Male,Higher,White,40,9,62,English,PSYC304.rw
R_3Odnagt50tnOnQV,1,7,56,Female,Higher,White,36,11,53,English,PSYC304.rw
R_YPOaKL24ENM66Qh,0.9,8.8,72,Female,Higher,White,38,11,60,English,PSYC304.rw
R_2BbOE45OolkXFlV,0.6,7.4,57,Female,Further,White,30,8,49,English,PSYC304.rw
R_2fJ6BUzmMe48CiI,0.9,7.2,62,Male,Higher,White,38,11,50,English,PSYC304.rw
R_1pRKlNKeoTvsShh,0.75,7.8,56,Female,Higher,White,40,11,57,Other,PSYC304.rw
R_2wiQXQHx9xzz5ef,0.65,6,58,Female,Secondary,White,40,9,59,English,PSYC304.rw
R_25YESxL3cNytolW,0.9,7,36,Female,Higher,White,33,11,59,English,PSYC304.rw
R_3O9BqxXwvajaQBO,0.75,5.8,34,Male,Higher,White,34,7,55,English,PSYC304.rw
R_2S0HXXZmaVvKlC1,0.9,6.6,28,Male,Further,White,33,10,45,English,PSYC304.rw
R_2zMbYnCmO2st6BO,0.85,6.2,62,Female,Higher,White,40,7,55,English,PSYC304.rw
R_3CUEfrpCTwvlPza,0.8,8,57,Female,Higher,White,39,10,46,English,PSYC304.rw
R_3in8EArVBjRASun,0.85,9,73,Female,Higher,White,37,10,56,English,PSYC304.rw
R_2hGhMCS9pKCVeDL,0.7,6,47,Male,Higher,White,37,11,50,English,PSYC304.rw
R_3PcSfJkZy1Na2Ig,0.8,7,64,Male,Higher,White,40,10,49,English,PSYC304.rw
R_sHlLJTuivBl0POp,0.8,8.6,58,Female,Higher,White,34,12,52,English,PSYC304.rw
R_sAQlMmEWB0euznz,0.9,9,44,Female,Higher,White,38,11,56,English,PSYC304.rw
R_3IQVhFywc6yZn6N,0.75,7,27,Male,Higher,White,38,8,54,English,PSYC304.rw
R_3qg0fhr1U6VNSyF,0.8,8,24,Male,Higher,White,28,8,55,English,PSYC304.rw
R_cGwFclmpPE5XBK1,0.6,5.6,51,Female,Secondary,White,34,6,41,English,PSYC304.rw
R_3RkdfBrWB5XRIMK,0.6,9,25,Female,Secondary,White,27,5,43,English,PSYC304.rw
R_3qwjSLxCI9nPTeu,0.7,8,19,Female,Further,White,31,7,43,English,PSYC304.rw
R_1H5Yg86NM1xiJF8,0.7000000000000001,4.8,25,Male,Secondary,White,27,10,40,English,PSYC304.rw
R_2eakK4gtmqJ4PcI,0.95,6.6,32,Female,Higher,White,19,7,50,English,PSYC304.rw
R_2ziQDIhw0N741Q0,0.65,4.8,52,Female,Higher,White,33,10,33,English,PSYC304.rw
R_BqYEoYqhtRp49bj,0.8,9,47,Male,Higher,White,38,11,51,English,PSYC304.rw
R_3J9Pl9zFnQCAMLt,0.9,7.6,40,Female,Higher,White,34,10,56,English,PSYC304.rw
R_3nq4SUA6haI1zqi,0.75,7.6,36,Female,Higher,White,29,12,52,English,PSYC304.rw
R_TaZGaBZYeHznAKB,0.85,6.8,53,Female,Higher,White,37,10,49,English,PSYC304.rw
R_2rwQuvTvY3lJQyz,0.8,7.2,50,Female,Higher,White,33,9,46,English,PSYC304.rw
R_3ezcHuRZtqlha1K,0.95,9,66,Female,Higher,White,40,10,58,English,PSYC304.rw
R_R3TCWzD1waAbaSd,0.75,7.6,25,Male,Higher,White,35,9,43,English,PSYC304.rw
R_2YLY9PGlWy86w0Y,0.7,6.4,49,Female,Higher,White,37,9,39,English,PSYC304.rw
R_DCS5Bihl2SOcAEN,0.95,6.8,41,Female,Higher,White,31,11,54,English,PSYC304.rw
R_VUo8riAhXDGEWfD,0.85,8.4,40,Female,Higher,White,37,10,57,English,PSYC304.rw
R_1NyTW8oM5sDpvtA,0.8,7.4,59,Female,Higher,White,36,9,51,English,PSYC304.rw
R_124DUG0fHQTGajO,0.65,7.8,71,Female,Further,White,37,7,52,English,PSYC304.rw
R_21nxQwfOhXf1hop,0.65,6,51,Female,Further,Mixed,33,8,56,English,PSYC304.rw
R_27DmCQ45KYk3q3z,0.95,8,22,Male,Higher,White,34,11,45,English,PSYC304.rw
R_3HSO4MTlmav11Xo,0.85,9,21,Male,Further,White,36,11,61,English,PSYC304.rw
R_xaPjPzImD3byhOh,0.75,7.8,21,Male,Higher,White,34,11,56,English,PSYC304.rw
R_SMCBK8krsYv0Cc1,0.65,6.8,59,Female,Higher,White,33,8,46,English,PSYC304.rw
R_wTZRptVqnLtXcqt,0.8,7.8,54,Female,Further,White,38,9,49,English,PSYC304.rw
R_sUzwQVPLBz8wBwZ,0.85,5,39,Female,Higher,White,28,9,51,English,PSYC401
R_SDkeKGdSDLyx6CJ,0.9,8.6,23,Female,Higher,Asian,21,8,57,Other,PSYC401
R_Q9Dcfe3Aqs3OLJL,0.9,7.2,22,Female,Higher,White,32,8,43,English,PSYC401
R_p3QOpadn58hfxrb,0.9,8.4,26,Female,Higher,White,28,9,55,English,PSYC401
R_27DL4X0pIoGblWw,0.85,5.8,22,Male,Higher,Asian,33,8,55,English,PSYC401
R_1C8bpajCQ2ETl5t,1,8,24,Female,Higher,White,32,12,50,English,PSYC401
R_pFfl7LYxxkWn9xD,0.9,7.6,43,Female,Higher,White,32,7,56,English,PSYC401
R_vYQ2OJfzRsLQ2EV,0.35,9,46,Male,Secondary,Mixed,16,4,51,Other,KA
R_1qapgcpYhEk9VKk,0.2,5.4,48,Male,Further,Asian,29,5,48,Other,KA
R_2cpV6Urzg8PWaBB,0.75,5.2,18,Female,Secondary,Asian,27,5,47,Other,KA
R_2mg3XPQYw0weLC1,0.85,8.4,24,Female,Higher,Asian,28,10,51,English,KA
R_yNHNNG1nn2ZeAmZ,0.55,5,24,Female,Further,Asian,23,8,51,Other,KA
R_3PNq81HFVSVwsfu,0.9,6.8,29,Male,Higher,Asian,28,8,37,Other,KA
R_1JJSjLLmFqNBgYw,0.45,9,22,Male,Higher,Asian,35,8,55,English,KA
R_3iUaAuD244bPMlw,0.8,8.4,23,Male,Higher,Asian,35,9,60,Other,KA
R_265QqYfE1PafuAs,0.75,6.8,27,Female,Higher,Asian,27,8,50,Other,KA
R_1LSh9UfDxy91w8u,0.6,2.2,18,Male,Secondary,Asian,30,3,51,Other,KA
R_28Uw7Ekuo3hPeac,0.85,8.2,30,Female,Further,Asian,28,9,48,Other,KA
R_3scaCdQvFElRKGp,0.95,4.4,26,Male,Higher,Asian,36,6,52,Other,KA
R_1eIuCo24xr8efvX,0.95,8.8,26,Female,Higher,Asian,33,10,48,Other,KA
R_2ToB7fqjZAATwKO,0.95,7.6,47,Male,Higher,Asian,39,11,63,Other,KA
R_3M9hbt25iN31tiG,0.35,7.8,24,Female,Further,Asian,21,11,45,Other,KA
R_2Rah7oK4TKOt4C1,0.8,7.2,29,Female,Higher,Asian,34,10,50,English,KA
R_3rMRvjwY5rZgLMi,0.85,4.2,24,Female,Higher,Asian,37,10,43,Other,KA
R_cAZWnX59uOiwM7L,0.85,7.8,24,Female,Higher,Asian,34,9,58,Other,KA
R_2V40VUXAVUVL2at,0.9,7,22,Male,Higher,Asian,32,10,49,Other,KA
R_3smLADF99oQwiwP,0.25,6.2,23,Female,Higher,Asian,36,9,47,Other,KA
R_BsUgIzd49j8Yqzv,0.65,8,24,Female,Higher,Asian,22,6,49,English,KA
R_bOeiEIpgAdMKcXn,0.5,7.6,24,Female,Higher,Asian,38,6,56,Other,KA
R_33a0jVik3KzaEsB,0.25,6.8,39,Male,Higher,Asian,24,5,50,Other,KA
R_3oB18CMYsmUZTLS,0.65,1,43,Female,Higher,Asian,19,8,51,Other,KA
R_Ah42deSVnH762OZ,0.45,4.8,33,Female,Further,Asian,39,8,44,Other,KA
R_1GBM9IE7EQQiF3B,0.45,4.8,20,Female,Further,Asian,30,11,41,English,KA
R_24GmSpa0cVnUT1K,0.65,7,39,Female,Further,Asian,24,5,48,Other,KA
R_qKns7TVW2Zw8UBb,0.29999999999999993,2.6,74,Male,Secondary,Asian,14,6,36,Other,KA
R_1E4N7lDFeMy9cr4,0.5,6.4,21,Male,Higher,Asian,33,8,51,Other,KA
R_djsfX05Avhz0lP3,0.55,6.4,24,Female,Higher,Asian,33,8,54,Other,KA
R_26fniSRvl99WA7d,0.25,6.8,21,Female,Higher,Asian,19,5,43,English,KA
R_3m2eeqmtxMBWoBx,0.85,8.8,23,Female,Higher,Asian,35,9,44,English,KA
R_3JDBrCcjlrzSw9F,0.4,5,24,Female,Higher,Asian,29,6,36,English,KA
R_2Ya28CDwYcQU8NZ,0.7,8,37,Female,Higher,Asian,38,11,51,Other,KA
R_1jHqTaRF3pCpTtK,0.6,5.4,42,Female,Further,Asian,25,6,53,Other,KA
R_3LXR4MjDOmgHY2O,0.85,7,18,Female,Further,Asian,22,7,58,Other,KA
R_2t3VsPyYOsDHC47,0.75,8,25,Male,Higher,Asian,33,10,52,Other,KA
R_3fIU3ghfR2vC9tZ,0.95,8,23,Female,Higher,Asian,37,9,56,Other,KA
R_1GZlQuN5QjrhOZb,0.45,4.6,28,Male,Higher,Asian,26,7,52,Other,KA
R_10NT2Heuf4qwx4p,0.2,5.6,32,Female,Secondary,Asian,20,7,42,Other,KA
R_eLF3TjAAxB6R6cF,0.55,6.4,26,Female,Higher,Asian,26,8,42,Other,KA
R_2OVeHcWWMNHZmxR,0.4,6.4,44,Male,Higher,Asian,6,4,51,English,KA
R_2bHRO2oDA79Thlv,0.95,9,27,Female,Higher,Asian,39,11,61,Other,KA
R_3ReVlCqqWHl8r6a,0.5,8.6,23,Female,Higher,Asian,24,6,53,Other,KA
R_2PwdsVpun0q83ZN,0.75,5.6,24,Female,Higher,Asian,31,9,49,Other,KA
R_9Teotdqt8vKqSwV,0.5,5.6,20,Female,Higher,Asian,37,10,42,Other,KA
R_2YnW5CC8McSYGwC,0.25,6,23,Male,Higher,Asian,34,7,40,Other,KA
R_ZftnBeEvNYWFzGN,0.85,8.4,23,Female,Further,Asian,31,7,52,Other,KA
R_2WSXosc4Xy1uKCa,0.4,5.4,23,Female,Higher,Asian,23,7,41,English,KA
R_2D1vYlU484whyrW,0.65,5,40,Male,Further,Asian,31,11,45,Other,KA
R_aiaCL3TbMkXHTON,0.4,9,24,Female,Higher,Asian,36,4,44,Other,KA
R_3nl9C5TmakcdAyn,0.6,7.2,24,Female,Higher,Mixed,29,2,51,Other,KA
R_2Bhx3y5tj9HFuvJ,0.4,8.4,18,Female,Secondary,Asian,23,11,56,Other,KA
R_2zbxHTZaAeP6PP7,0.4,1.8,26,Male,Higher,Asian,31,8,34,English,KA
R_3Ecbo8H8xukdk6U,0.95,7.2,25,Female,Higher,Asian,31,10,53,Other,KA
R_3KNQ7Freent89mE,0.65,6.2,24,Female,Further,Asian,24,7,48,Other,KA
R_1QKJlmtHNzuxL1y,0.4,5.8,20,Male,Further,Asian,27,4,57,Other,KA
R_2YPPPxL6VwfCTxb,0.65,6.8,86,prefer-not-to-say,Secondary,Black,29,9,35,Other,KA
R_3foWpuDmBh4jlWI,0.8,7,35,Male,Secondary,Asian,15,7,23,Other,KA
R_1mKKI3nEBZvWOEs,0.9,7.6,24,Male,Higher,Asian,36,8,54,Other,KA
R_3MJMblwTQRe4cdZ,0.4,4.6,22,Female,Higher,Asian,19,9,32,English,KA
R_3ees1lOay88PsOe,0.35,1.4,28,Male,Secondary,Asian,18,3,29,Other,KA
R_3L7rDAzz9Q7sHLr,0.7000000000000001,9,18,Male,Secondary,Asian,33,7,57,Other,KA
R_2t9TmGO36ASoyFp,0.4,1.6,28,Female,Secondary,Black,7,3,25,English,KA
R_3rYhXTrY5iNgsGV,0.5,5,21,Female,Higher,Asian,23,8,57,Other,KA
R_1QMYn0T8Wu5VF45,0.6,6.2,42,Male,Higher,Asian,24,4,50,English,KA
R_3DtghQMofECvM5C,0.6,4.4,48,Female,Higher,Asian,37,6,43,Other,KA
R_OIpvfzgymGyGz3H,0.25,7.8,32,Male,Higher,Asian,20,8,43,English,KA
R_12PZeHJ7C7Lv0yO,0.25,4,18,Male,Secondary,Asian,16,4,36,English,KA
R_tRRdPySJbiIvORr,0.85,8.8,23,Female,Higher,Asian,39,8,61,Other,KA
R_43mVHCM8Yyi2Axz,0.45000000000000007,5.8,18,Female,Secondary,Asian,6,3,51,Other,KA
R_1gkCZdkJmuNZiY3,0.45000000000000007,9,18,Male,Secondary,Asian,10,5,31,Other,KA
R_sjmJowlY9IIl6LL,0.45,9,22,Male,Secondary,Asian,20,7,54,Other,KA
R_1KoM9bUHPuRODWG,0.9,7.8,24,Female,Further,Asian,33,13,43,English,KA
R_3MSVxDE3SdXTwJ2,0.45,7.2,100,Male,Further,White,9,6,39,English,KA
R_yVDcY1clHozOk1j,0.8,7,22,Female,Higher,Asian,32,10,47,Other,KA
R_301YkQx7jh7EjC8,0.6,3,44,Female,Higher,Asian,21,6,31,Other,KA
R_1F96YL5gFQoxWpT,0.85,8,25,Female,Higher,Asian,28,6,59,English,KA
R_29sT2SGKfGuVotc,0.3,4.8,29,Male,Secondary,Asian,33,10,49,English,KA
R_2bUcw03G3ZwOLfk,0.95,6.2,47,Male,Higher,Asian,32,9,57,Other,KA
R_22Srdqs6SrdJU9W,0.29999999999999993,7.8,50,Female,Higher,Asian,22,9,41,Other,KA
R_1NmlvRME6g2QMDG,0.9,8.8,27,Female,Higher,Asian,23,10,49,Other,KA
R_1nPDqmRZXGa1DSR,0.95,9,24,Female,Higher,Asian,36,10,58,Other,KA
R_2dQOQtbzEKd8APX,0.35,6.2,21,Male,Further,Asian,23,2,52,English,KA
R_3EWpGi9KWibyvGv,0.8,6.8,48,Male,Higher,Asian,36,10,52,Other,KA
R_A6Wz6kTriNvYkpP,0.7,8.2,29,Female,Higher,Asian,36,13,58,Other,KA
R_1dsJtHwqeH4Kx7d,0.35,5.8,100,Female,Higher,Asian,21,7,34,Other,KA
R_2z61iQI7KoLLYZT,0.35,6,23,Female,Further,Asian,26,7,41,English,KA
R_9T48UUuPLGo67cJ,0.8,6.8,28,Male,Higher,Asian,29,10,48,Other,KA
R_2wHwZvceAbengkO,0.2,5.4,30,Female,Higher,Asian,26,2,36,Other,KA
R_po837ntGLihrHgZ,0.15000000000000002,6.6,54,Female,Higher,Asian,15,6,48,Other,KA
R_3HRXLKCee8Q0FWK,0.75,9,50,Female,Further,Asian,30,9,60,Other,KA
R_2YsRJsnHgrHXAYQ,0.875,7.5,23,Female,Higher,Asian,32,7,52,English,KA
R_1CCNGuxRE7kUEOd,1,8,44,Male,Higher,Asian,34,8,37,English,KA
R_3CKkvEChvwV8dre,1,9,25,Female,Higher,Asian,29,9,50,Other,KA
R_1Oqm0HHn1FYd34m,0.25,4.666666666666667,20,Male,Further,Asian,29,8,48,Other,KA
R_YRiAOwdNHcT7qpj,0.75,6,41,Female,Higher,Asian,29,11,54,Other,KA
R_vCYG8Qh7qw13dq9,0.85,7.8,20,Female,Secondary,Asian,36,9,56,Other,KA
R_1OSIp6AkO5mlPjJ,0.9,9,24,Female,Higher,Asian,34,9,61,English,KA
R_2ZNUQKdnrpAGIZ0,0.55,6.2,36,prefer-not-to-say,Higher,Asian,28,6,57,Other,KA
R_9BqZvz8pIwRra1z,0.5,5.6,41,Male,Secondary,Asian,25,6,57,Other,KA
R_1n9GmZYSJNH9TkN,0.75,8,24,Female,Higher,Asian,30,11,56,Other,KA
R_bmjXaspjI5s5MKB,1,9,24,Female,Further,Asian,27,10,44,Other,KA
R_cuRcxp4Vun1oIi5,0.75,7,23,Female,Higher,Asian,34,4,39,Other,KA
R_1GDhi5IPrcIt2e6,0.2,6.8,35,Male,Secondary,Asian,12,4,28,Other,KA
R_1ghk4d4HyTEzTlJ,0.9,9,37,Female,Higher,Asian,31,10,61,Other,KA
R_2fwf4Nt2cMpqvJW,0.7,7.6,40,Male,Higher,Asian,27,11,57,Other,KA
R_22nolfj4oas2hE9,0.35,6.2,40,Female,Secondary,Asian,22,11,37,Other,KA
R_cD6f2EVEMegZDLH,0.75,8,58,Female,Higher,Asian,31,9,63,Other,KA
R_2YWhruY9eJuWNL8,0.9,8,42,Female,Higher,Asian,38,8,58,Other,KA
R_32WSiVO7cQldh5Q,0.9166666666666666,7,23,Female,Higher,Asian,39,12,47,Other,KA
R_25Fu9FBK4Loj3NE,0.875,8,20,Female,Secondary,Asian,35,7,52,Other,KA
R_2ScvsmgrUx11cjm,0.3499999999999999,3.6,21,Male,Higher,Asian,20,5,45,Other,ZW
R_3HwypZuwyQo4Xbk,0.55,2.6,23,Female,Higher,Asian,16,4,37,Other,ZW
R_3dQNwtGgYgL0Xjb,0.7,6.4,23,Female,Higher,Asian,37,6,47,Other,ZW
R_3NxDxOwMSao85eP,0.55,3.6,25,Male,Higher,Asian,24,9,29,Other,ZW
R_8crBDvxzELlTGDL,0.4,1,22,Female,Further,Asian,8,3,52,English,ZW
R_9FusBINUTtC68tb,0.2,5.8,23,Male,Higher,Asian,17,5,34,Other,ZW
R_XOrUXdt3oQO7sBP,0.45000000000000007,5.6,25,Male,Higher,Black,8,4,31,Other,ZW
R_1jInlhC4V2fL5kG,0.6,6.4,22,Female,Higher,Asian,22,6,49,Other,ZW
R_1K7t2ZTt0yrW2I0,0.7,6.6,23,Female,Higher,Asian,19,8,56,Other,ZW
R_ymBsv6MMw5Ofotj,0.9,4.8,24,Female,Higher,Asian,23,4,46,Other,ZW
R_2rABAb8PvoTM5DP,0.4,5.8,30,prefer-not-to-say,Higher,Asian,18,3,34,Other,ZW
R_3nDCN1vwPWYegVY,0.25,5.8,25,Male,Higher,Asian,12,4,40,Other,ZW
R_2YXioeqm1BDRn6Z,0.5,5.8,24,Female,Higher,Asian,13,6,26,Other,ZW
R_2DOi62G6afWXN8f,0.25,4,23,Female,Higher,Asian,36,8,31,Other,ZW
R_zSWbwrAJnoTAKtP,0.6,3.8,24,Male,Higher,Asian,26,5,48,Other,ZW
R_28ImH2OOmgmotBc,0.7,3,24,Male,Higher,Asian,35,11,41,Other,ZW
R_3n5Ywa6Sd4konGN,0.55,5,23,Male,Higher,Asian,23,4,40,Other,ZW
R_2aYauSW9NSersIA,1,6.6,24,Female,Higher,Asian,20,6,48,Other,ZW
R_BXTq7tG7QaQVp9T,0.6,1.2,24,Female,Higher,Asian,14,3,43,Other,ZW
R_10pjsvY4ox7YoiE,0.55,3.4,24,Female,Further,Asian,15,7,49,Other,ZW
R_UMY73Wtrh9y6CT7,0.45000000000000007,3.8,25,Male,Higher,Asian,32,5,40,Other,ZW
R_3MSBNcJ8IU9VrQB,0.3,5.8,22,Female,Higher,Asian,23,4,40,Other,ZW
R_p6rxCtZbhHGZYTD,0.3,5.2,27,Male,Further,Asian,28,11,24,Other,ZW
R_2e9ywrYR6WxJ0Oi,0.5,2.4,24,Female,Higher,Asian,39,10,48,Other,ZW
R_1DUU07ktWnXiN1a,0.5,5,28,Male,Higher,Asian,33,5,36,Other,ZW
R_3RxzuUyEqjvZtsy,0.15,2.4,20,Male,Higher,Asian,24,8,40,Other,ZW
R_3lYwecfGu5Tfhyl,0.8,5.6,24,Female,Higher,Asian,35,8,45,Other,ZW
R_3lubU3u81GFEZF9,0.3,1.8,37,Female,Higher,Asian,39,8,35,Other,ZW
R_3fxXEoIbBspQSMo,0.55,5.4,24,Female,Higher,Asian,15,7,48,Other,ZW
R_tLs6weVKOi3KBVv,0.7,8.6,25,Male,Higher,Asian,37,7,39,Other,ZW
R_rrMwA57DW0lRRx7,0.4,2.6,25,Male,Higher,Asian,15,3,36,Other,ZW
R_3G2NRi5JpmjgA9E,0.55,5.4,24,Female,Higher,Asian,24,6,22,Other,ZW
R_3KUAEn0gq9aSFuJ,0.65,5.4,24,Female,Higher,Asian,33,4,48,Other,ZW
R_21van379vIfXyTe,0.95,8,24,Female,Higher,Asian,33,7,40,Other,ZW
R_1hSdwsA4DWpN2Ks,0.9,4.2,24,Female,Higher,Asian,33,7,53,Other,ZW
R_wSK9LxPx4rwAJfH,0.45,4.6,22,Female,Higher,Asian,14,3,42,Other,ZW
R_2YD4km34HnUtAwW,0.55,3.6,22,Male,Higher,Asian,38,10,28,Other,ZW
R_3Okr4uaTeMC2xvM,0.6,6.8,23,Female,Higher,Asian,22,5,32,Other,ZW
R_1d76tnaNTykOPsx,0.55,7,24,Female,Higher,Asian,37,4,44,Other,ZW
R_1d4BH8NS8EMZj3l,0.45,2.6,22,Female,Further,Asian,15,7,42,Other,ZW
R_1liYBzQtRJNmUTC,0.3,7.6,21,Male,Higher,Asian,24,4,41,English,ZW
R_TqtDWxF407JTpRf,0.55,6.4,22,Male,Further,Asian,17,2,40,Other,ZW
R_6PAvYva5bFHS5Cp,0.85,5.6,22,Male,Higher,Asian,35,3,54,English,ZW
R_3IQwiPXwKliHrHw,0.35000000000000003,8.2,23,Male,Higher,Asian,27,3,45,English,ZW
R_3HBojE4x4mJDa0u,0.55,7.6,25,Male,Higher,Asian,35,4,57,Other,ZW
R_1Ow7lrsplBR65ZW,0.75,4.2,21,Male,Higher,Asian,18,10,43,Other,ZW
R_1gRBgMMFgcidt2M,1,6.6,21,Female,Higher,Asian,32,8,60,Other,ZW
R_3qsoYZnp0FiTWeD,0.3,8.2,25,Male,Higher,Asian,21,3,43,Other,ZW
R_2WBTcmHoFvIiuCo,0.55,6.6,24,Male,Higher,Asian,14,7,45,Other,ZW
R_3q7IHlZ35C5HGhP,0.65,7.2,23,Female,Higher,Asian,29,5,44,Other,ZW
R_2rBnHWFIUqdCeqC,0.8,4.8,23,Female,Higher,Asian,33,5,45,Other,ZW
R_2YzeWlx5NVIUTJ3,0.45,4.6,24,Female,Higher,Asian,15,3,36,Other,ZW
R_3Dv7vsPIrWcUmRi,0.5,5,22,Female,Higher,Asian,24,5,55,Other,ZW
R_6wYJVGhHancIuTT,0.6,8.8,22,Female,Higher,Asian,34,5,57,Other,ZW
R_2dYdX6Xqvq2VImt,0.8,7.2,24,Male,Higher,Asian,27,4,49,Other,ZW
R_3DbRKOlKBY4huOD,0.65,4.2,21,Female,Higher,Asian,31,8,43,Other,ZW
R_2RVdVeR0Bfbj1jt,0.5,7.8,21,Male,Higher,Asian,20,8,54,Other,ZW
R_3qvRmuYxRz84jyR,0.65,8.4,21,Female,Higher,Asian,32,5,59,Other,ZW
R_5hbZzNtDwtbXJcJ,0.6,3.6,27,Female,Higher,Asian,24,5,58,Other,ZW
R_3esrmPaHqA1t0wl,0.45000000000000007,4.4,21,Female,Further,Asian,30,6,44,Other,ZW
R_WkWflCZmgfi7Go1,0.9,6.8,22,Female,Higher,Asian,31,7,37,English,ZW
R_R9noyk6tyL7wTJL,0.7,3.2,23,Male,Higher,Asian,31,8,42,Other,ZW
R_41tWsmfuz0lRCiB,0.65,6.4,22,Female,Higher,Asian,38,6,47,Other,ZW
R_a97IF5spndohgQh,0.9,6.6,22,Female,Higher,Asian,24,5,51,Other,ZW
R_ah40JneRrUT46wp,0.9,6.6,22,Female,Higher,Asian,29,4,53,Other,ZW
R_1JDEijFRGRwcNR4,0.65,4.8,25,Male,Higher,Asian,30,3,55,English,ZW
R_2VJxYqQWVRUL2om,0.55,7.4,28,Male,Higher,Asian,28,5,47,Other,ZW
R_vMHr5JW8upmyXol,0.5,5.6,25,Female,Higher,Asian,33,5,49,Other,ZW
R_1P7DEHOl3cx9cAK,0.95,8.2,21,Male,Higher,Asian,35,9,54,Other,ZW
R_2X6u7rPMwWIBiQZ,0.25,6.2,27,Male,Higher,Asian,34,3,36,English,ZW
R_WfbxlhhdeIdrY8F,0.35,1,22,Male,Higher,Asian,37,7,31,Other,ZW
R_262UOJMbMQPyPO2,0.8,7.6,21,Female,Higher,Asian,29,9,57,Other,ZW
R_2U3InfIwKFKedIk,0.45000000000000007,5.6,25,Male,Secondary,Mixed,8,4,35,English,ZW
R_3pf2m9E3YRjuM9J,0.85,7,21,Male,Secondary,Asian,28,6,51,Other,ZW
R_1IEEh4zGJQWKcCW,0.75,2.6,21,Female,Higher,Asian,18,8,51,Other,ZW
R_26hDZ0BPcw7uuPM,0.8,4.4,22,Female,Higher,Asian,20,5,44,Other,ZW
R_1g6fyzPPRG4zQlF,0.7,4.2,22,Male,Higher,Asian,35,7,49,Other,ZW
R_2ckJPNTeRyy4pyM,0.75,6.4,21,Female,Higher,Asian,23,4,45,Other,ZW
R_2BxuT6smtnMIaL4,0.4,5.8,22,Male,Higher,Asian,38,5,45,Other,ZW
R_2tbYAuOXWrUGgDk,0.45,4.4,23,Male,Higher,Asian,36,6,50,English,ZW
R_1n2SPGD4GVCY0og,0.3,6,25,Male,Further,Asian,35,7,43,Other,ZW
R_DNpLqgQgmtHkvBv,0.65,3.4,23,Female,Higher,Asian,17,6,37,Other,ZW
R_1FkRIThKQmklHF3,0.7,4.8,21,Female,Further,Asian,36,5,43,Other,ZW
R_3MsvL8Ni1yRk3hM,0.85,5.8,22,Female,Higher,Asian,39,5,42,Other,ZW
R_29iWHPiosY2QJV4,0.65,5,22,Male,Higher,Asian,31,11,43,Other,ZW
R_33DQKp47JVAab0J,0.65,6.4,23,Male,Higher,Asian,33,3,41,English,ZW
R_1LCdGxIL5P7VVXu,0.7,7.8,21,Female,Secondary,Asian,38,7,56,Other,ZW
R_3jSrdkxdfL2OgEy,0.7,3.8,22,Female,Further,Asian,34,4,45,Other,ZW
R_3pt13Jz5AICFuyB,0.55,4.2,21,Female,Further,Asian,20,7,52,Other,ZW
R_vN9kU4sSWw0VQB3,0.9,7.2,25,Female,Higher,Asian,25,11,48,Other,ZW
R_1K8NRPpHRaxAWQ9,0.6,6,23,Female,Higher,Asian,16,8,45,Other,ZW
R_bHfVYCEIZ5Lwset,0.75,6,25,Male,Higher,Asian,23,8,55,English,ZW
R_3nJi4kW1XHihasu,0.65,3.6,22,Female,Higher,Asian,25,5,45,Other,ZW
R_3NE9LcWYpiD4pW8,0.95,5.8,22,Female,Secondary,Asian,23,5,57,Other,ZW
R_3fpp1DjqEry79ia,0.65,5,22,Female,Higher,Asian,25,9,46,Other,ZW
R_Uuq3R1rmUIkBrLr,0.95,7.2,23,Female,Higher,Asian,28,8,53,Other,ZW
R_1Q4LFl6MzsIMzkK,0.4,4.8,23,Female,Higher,Asian,18,4,27,Other,ZW
R_3CTTRRd8HdVbiuS,0.7,6.8,25,Male,Higher,Asian,38,4,55,Other,ZW
R_vIemUoRqZMxaBVv,1,7.2,25,Female,Higher,Asian,27,9,56,Other,ZW
R_2fwBcEANncyqRXC,0.45000000000000007,6.2,22,Female,Higher,Asian,33,8,50,Other,ZW
R_3lMvrA8sqgZGSp3,0.6,7,25,Male,Higher,Asian,32,5,63,English,ZW
R_3gZrMnYDjVA5LCA,0.9,6.2,21,Female,Higher,Asian,39,5,49,Other,ZW
R_1JEmnpkOS1hUvI4,0.45,3.2,37,Male,Higher,Asian,21,3,31,Other,ZW
R_doO7yhZoPvhlUXf,0.7,5.6,43,Male,Higher,Asian,33,8,57,Other,ZW
R_OHfUFW2mrm9Gexb,0.45000000000000007,3.2,25,Female,Secondary,Asian,17,2,38,Other,ZW
R_21sqcDi9XtwN7MK,0.4,3.2,25,Female,Further,Asian,19,5,44,Other,ZW
R_w74T2pmb6llm1uV,0.45000000000000007,3.2,39,Male,Higher,Asian,28,6,40,Other,ZW
R_21z8kODKURwMFUv,0.55,6.4,46,Male,Higher,Asian,37,10,54,Other,ZW
R_3oYekeUiJVcNnoH,0.45000000000000007,1.2,40,Male,Higher,Asian,18,5,30,Other,ZW
R_3n9kEakNHLwKn2F,0.20000000000000004,4,27,Female,Higher,Asian,35,5,53,Other,ZW
R_2A0jhvMDDIaPXA9,0.65,5,46,Male,Higher,Asian,16,3,51,Other,ZW
R_xFqt6m4NqGzbbEd,0.2,5,22,Female,Higher,Asian,26,6,31,Other,ZW
R_3EXSnJjBidsyIna,0.5,3,23,Male,Higher,Asian,36,5,31,Other,ZW
R_3kdkH8EX7BhpKee,0.45,9,25,Female,Further,Asian,31,5,54,Other,ZW
R_2rOadh3ZDsJbBkI,0.3,4.6,30,Female,Higher,Asian,32,6,36,Other,ZW
R_2wHpg9M7uzN70hx,0.20000000000000004,4.8,100,Female,Further,Mixed,11,3,38,English,ZW
R_2vjhG03W5yKlSVj,0.65,7,29,Female,Higher,Asian,34,5,56,Other,ZW
R_32VKyJKQQeJqVVN,0.4,5,26,Male,Secondary,Black,8,3,40,English,ZW
R_2eWnNUayUwLTuZ7,0.3,6.4,20,Female,Higher,Asian,16,2,31,Other,ZW
R_27QJ7SMo5efxVC6,0.4,3.8,20,Female,Higher,Asian,36,3,58,Other,ZW
R_1BXhlwxCxfzakh1,0.6,4.2,19,Female,Higher,Asian,36,5,49,Other,ZW
R_QifUGnvuU7jRyGB,0.65,4.8,21,Female,Higher,Asian,35,8,49,Other,ZW
R_20VdgnrOLXmYlS4,0.7,6.2,20,Female,Higher,Asian,37,6,51,Other,ZW
R_1lcSrhBTiDYUOZi,0.3,6.8,20,Male,Further,Asian,38,8,51,Other,ZW
R_3nUXjjfKw3Pe3MU,0.45,4,27,Female,Higher,Asian,36,5,41,Other,ZW
R_305MasGUXIkVbxw,0.85,7.6,22,Female,Further,Asian,24,7,29,Other,ZW
R_1hElEGgOtTQ0JGe,0.75,5.6,28,Female,Higher,Asian,27,10,51,Other,ZW
R_OuN1qjOhlW804Pn,NA,NA,24,Female,Higher,Asian,0,0,0,Other,KA
R_2hrF4oMDSDfZEbf,NA,NA,23,Female,Higher,Asian,0,0,0,Other,KA
R_3exL9JXoAHjaQG1,NA,NA,22,Female,Higher,Asian,23,0,0,Other,KA
R_ZlUH6eNhPzkdU3L,NA,NA,23,Female,Higher,Asian,0,0,0,English,KA
R_1dL9qYvrIu8OBJ1,NA,NA,23,Female,Higher,Asian,29,10,48,Other,KA
R_6mr1qfzr7Zb8xRn,NA,NA,29,Male,Higher,Asian,0,0,0,English,KA
R_1hKWdRV4pDmSHRc,NA,NA,24,Female,Higher,Asian,0,0,0,English,KA
R_2wKxPYVXqjNU54T,NA,NA,26,Male,Further,Asian,37,9,57,Other,KA
R_22nXVmlYr8jMP1A,NA,NA,28,Female,Higher,Asian,0,0,0,English,KA
R_6gmp8iLMlYFCSeB,NA,NA,22,Female,Higher,Asian,0,0,0,Other,KA
R_vvpynxTVmThO4Ex,NA,NA,24,Female,Higher,Asian,39,0,0,English,KA
R_30cKXJOA6WY7LEo,NA,NA,33,Male,Higher,Asian,0,0,0,Other,KA
R_2xCTSqSdZ1EjFcn,NA,NA,28,Male,Higher,Asian,35,9,0,Other,KA
R_1BPWX3S0ZdCkOoi,NA,NA,28,Male,Higher,Asian,34,0,0,Other,KA
R_3KCOPW6472mL3pR,NA,NA,23,Male,Higher,Asian,0,0,0,Other,KA
R_1NgcG7nQ9E7e6qs,NA,NA,23,Female,Higher,Asian,26,0,0,Other,KA
R_AiEieGMpiqXaAMN,NA,NA,24,Female,Higher,Asian,0,0,0,Other,KA
R_2sTmUWIDDRcYPfs,NA,NA,24,Female,Higher,Asian,28,10,0,Other,KA
R_OGUF9m0cX9Oci7D,NA,NA,21,Female,Higher,Asian,0,0,0,Other,KA
R_se7w5F3b80RGo2B,NA,NA,45,Male,Further,Asian,30,8,46,Other,KA
R_1MRLUcRKgtDpKRG,NA,NA,24,Female,Higher,Asian,40,9,24,Other,KA
R_3nN5StUPXSsQKqQ,NA,NA,24,Female,Higher,Asian,0,0,0,Other,KA
R_1Hho9ATDW6wag2b,NA,NA,34,Female,Higher,Asian,25,9,43,Other,KA
R_1eEvQbJqqXhQYDg,NA,NA,23,Female,Further,Asian,20,0,0,Other,KA
R_2cq03QWkLC13GdP,NA,NA,23,Female,Higher,Asian,31,0,0,Other,KA
R_3PYlwWL6KWqFlLL,NA,NA,24,Male,Higher,Asian,0,0,0,Other,KA
R_RlhMv86mIPeihlT,NA,NA,19,Male,Further,Asian,0,0,0,Other,KA
R_1rqvrF07ZA1aYoo,NA,NA,19,Female,Secondary,Asian,0,0,0,English,KA
R_cGXU1vLjvRnqJvb,NA,NA,18,Female,Secondary,Asian,0,0,0,Other,KA
R_yEKWWTCR3WVI59f,NA,NA,24,Female,Higher,Asian,30,0,0,English,KA
R_2dha52tm2gkx2QB,NA,NA,24,Female,Higher,Asian,0,0,0,Other,KA
R_2S0iru1MUWvoZmA,NA,NA,24,Female,Higher,Asian,0,0,0,Other,KA
R_3dXJqxpu39Js28e,NA,NA,26,Male,Higher,Asian,0,0,0,Other,KA
R_pcqO4o2cL29CE49,NA,NA,19,Female,Higher,Asian,26,6,53,Other,KA
R_2aJFWQsTD3rcuVN,NA,NA,34,Female,Further,Asian,0,0,0,Other,KA
R_3lMpCZrS1eaWbnt,NA,NA,23,Female,Higher,Asian,19,0,0,Other,KA
R_voYAJWlywwLiPOV,NA,NA,23,Female,Higher,Asian,0,0,0,Other,KA
R_Y6prJ3ACB9LO5kl,NA,NA,24,Female,Higher,Asian,0,0,0,Other,KA
R_wYtG5EBfeRpZpFD,NA,NA,33,Male,Higher,Asian,25,9,45,Other,KA
R_1jIIztfmEIbvVae,NA,NA,24,Female,Higher,Asian,22,0,0,Other,KA
R_27WgqUW1vQMEDDW,NA,NA,30,Male,Higher,Asian,37,6,53,Other,KA
R_1QLVHZVmgzQuPVt,NA,NA,36,Female,Further,Asian,0,0,0,Other,KA
R_2ykCcAVZwi8Yv6F,NA,NA,18,Female,Secondary,Asian,0,0,0,Other,KA
R_3eh54NWvYFa2YzD,NA,NA,50,Male,Higher,Asian,0,0,0,Other,KA
R_3phvD7IB07clHOD,NA,NA,54,Female,Higher,Asian,36,0,0,Other,KA
R_ema851qUsSprCox,NA,NA,51,Male,Higher,Asian,0,0,0,Other,KA
R_1NeUEZIiUnM3nlA,NA,NA,24,Female,Higher,Asian,0,0,0,English,KA
R_3Mih2uxjtaut0r8,NA,NA,21,Female,Higher,Asian,26,0,0,English,KA
R_1mrfOmjA4C6yRBb,NA,NA,23,Female,Higher,Asian,33,0,0,Other,KA
R_1pFphL88j0r2Bvw,NA,NA,18,Female,Secondary,Mixed,13,0,0,English,KA
R_A6Wnp95LTBAPwfn,NA,NA,21,Female,Higher,Asian,26,0,0,Other,KA
R_3JxG9VBkwhH852h,NA,NA,23,Female,Further,Asian,0,0,0,Other,ZW
R_1BQVBeuWXXgTwIp,NA,NA,24,Male,Higher,Asian,0,0,0,Other,ZW
R_USbYbLUwsGsLBER,NA,NA,28,Female,Higher,Asian,18,3,58,Other,ZW
